capture,strategy,seed,ok,degenerate,aspect,err,conf,tilt,traj,angular_coverage,direction_entropy,max_angular_gap,mean_baseline,mean_adjacent_rotation,mean_sharpness
hikmatollah_apt,uniform,0,True,False,1.0244157885637692,0.02928962821896578,0.43590742349624634,24.931381225585938,4.494931179210988,0.3611111111111111,0.7011707131126067,1.24410186847106,0.380372485719826,1.4933706578621435,0.18094462426682822
hikmatollah_apt,uniform,1,True,False,1.0244157885637692,0.02928962821896578,0.43590742349624634,24.931381225585938,4.494931179210988,0.3611111111111111,0.7011707131126067,1.24410186847106,0.380372485719826,1.4933706578621435,0.18094462426682822
hikmatollah_apt,uniform,2,True,False,1.0244157885637692,0.02928962821896578,0.43590742349624634,24.931381225585938,4.494931179210988,0.3611111111111111,0.7011707131126067,1.24410186847106,0.380372485719826,1.4933706578621435,0.18094462426682822
hikmatollah_apt,random,0,True,False,1.0845586522100612,0.057691465062070214,0.5144618153572083,19.75656509399414,4.101554863747166,0.3611111111111111,0.7011707131126067,2.596296052675842,0.3165513012941449,0.9496636852232437,0.19413281100499422
hikmatollah_apt,random,1,True,False,1.673684522319838,0.20140751831782144,0.26626861095428467,19.597888946533203,4.723877913235117,0.3611111111111111,0.6920447646951625,1.5631657930538694,0.37848855058587233,1.1817822259041044,0.1873619792590271
hikmatollah_apt,random,2,True,False,1.9734694193651874,0.2856139650721078,0.24110673367977142,24.27972412109375,5.481251427194853,0.3333333333333333,0.652814112208289,1.0675268892864151,0.33169212331066344,1.1676640760815251,0.11879224698243764
hikmatollah_apt,sharpness,0,True,False,2.126733706742871,0.4837701060375593,0.7642468214035034,12.015055656433105,1.6811163342560766,0.19444444444444445,0.4352094081388593,3.3495089773708546,0.32434997032209023,0.2718583786268862,0.569820675868407
hikmatollah_apt,sharpness,1,True,False,2.126733706742871,0.4837701060375593,0.7642468214035034,12.015055656433105,1.6811163342560766,0.19444444444444445,0.4352094081388593,3.3495089773708546,0.32434997032209023,0.2718583786268862,0.569820675868407
hikmatollah_apt,sharpness,2,True,False,2.126733706742871,0.4837701060375593,0.7642468214035034,12.015055656433105,1.6811163342560766,0.19444444444444445,0.4352094081388593,3.3495089773708546,0.32434997032209023,0.2718583786268862,0.569820675868407
hikmatollah_apt,coverage,0,True,False,1.5402702521519827,0.1989665403977234,0.2730945646762848,25.666141510009766,5.313118528880093,0.4444444444444444,0.7737056144690831,0.43441489608267236,0.40606453468725523,1.1855315359741139,0.08542249752179298
hikmatollah_apt,coverage,1,True,False,1.1681073243440352,0.037514076468877174,0.3340451717376709,22.595829010009766,2.917918988691492,0.4444444444444444,0.7737056144690831,0.4964041094589069,0.40597827132151454,1.2564327232511647,0.11193176933529445
hikmatollah_apt,coverage,2,True,False,1.4696248390983888,0.17576295841038012,0.2650695741176605,22.42568016052246,4.221058635516406,0.4444444444444444,0.7737056144690831,0.4964041094589069,0.4059974311122288,0.9911416209704118,0.16164821923469713
hikmatollah_apt,coverage_fps,0,True,False,1.1532608323644093,0.11546179794976957,0.3398582935333252,20.65027618408203,5.677838752173942,0.4444444444444444,0.7737056144690831,0.5362807987669571,0.40595579868370685,1.0986833726420933,0.10168676603528437
hikmatollah_apt,coverage_fps,1,True,False,1.497990719625432,0.14219398353135704,0.2255149930715561,19.046789169311523,4.29198351901931,0.4444444444444444,0.7737056144690831,0.4513590562752654,0.4059512294062452,1.243669946691136,0.15660921552194035
hikmatollah_apt,coverage_fps,2,True,False,1.0326730297811646,0.025725967699988653,0.3719414472579956,22.455734252929688,3.0901170495919295,0.4444444444444444,0.7737056144690831,0.4645670906637074,0.40609127567579273,1.0959889252911172,0.12724893298678328
hikmatollah_apt,coverage_q25,0,True,False,1.548116409511458,0.20251008045750535,0.2830284833908081,18.78653335571289,3.0355858366031168,0.4444444444444444,0.7737056144690831,0.7437892886250026,0.4053069086272488,1.2716151127046975,0.17001915356856795
hikmatollah_apt,coverage_q25,1,True,False,1.6316923082454007,0.2130033219423622,0.259938508272171,14.718423843383789,6.3635789350043925,0.4444444444444444,0.7737056144690831,0.7129454822200962,0.40567437033922066,1.2531249093545043,0.16737353759703458
hikmatollah_apt,coverage_q25,2,True,False,1.7827898019177282,0.28454393329995903,0.3409020006656647,12.209615707397461,5.849339289116808,0.4444444444444444,0.7737056144690831,0.9348082687906665,0.40095150744110253,1.082026015303193,0.14956318109372266
hikmatollah_apt,coverage_q75,0,True,False,1.4960802774077102,0.14070710598411254,0.6430534720420837,15.887029647827148,1.9668896802026923,0.4444444444444444,0.7737056144690831,1.4474229339001141,0.3908048494728169,0.8519672740941069,0.360747291972808
hikmatollah_apt,coverage_q75,1,True,False,1.4559625207551246,0.12914690466943327,0.6411446332931519,16.231185913085938,2.006802222308017,0.4444444444444444,0.7737056144690831,1.3188052157320698,0.3939120005955609,0.8627313598697242,0.3988635027643018
hikmatollah_apt,coverage_q75,2,True,False,1.5281753858370257,0.15060140819524684,0.6674244403839111,15.25039005279541,1.7994584458246274,0.4444444444444444,0.7737056144690831,1.3188052157320698,0.3858578931495503,0.8529366930571297,0.38628384668196625
hikmatollah_apt,spread_high,0,True,False,1.032105069066485,0.025235836559793626,0.5595483779907227,20.488712310791016,2.390516705231448,0.4444444444444444,0.7737056144690831,1.216787701281456,0.39144148112062294,1.0689290990644273,0.21966374501443586
hikmatollah_apt,spread_high,1,True,False,1.432384702272453,0.14136367588478285,0.4684111773967743,21.201431274414062,2.975283597832233,0.4444444444444444,0.7737056144690831,1.216787701281456,0.3913621938415498,1.096094511766244,0.23441014697211957
hikmatollah_apt,spread_high,2,True,False,1.4458425030281918,0.16043978332924064,0.4123619794845581,20.308128356933594,3.9329369144754,0.4444444444444444,0.7737056144690831,1.216787701281456,0.39779750442678685,1.315053431193552,0.2465129317310471
hikmatollah_apt,spread_low,0,True,False,1.311319363796459,0.10930088770142833,0.49658292531967163,23.310461044311523,3.9612484157981873,0.4444444444444444,0.7737056144690831,0.8172884623718364,0.40516705231049976,0.7722828175691469,0.023349136681428996
hikmatollah_apt,spread_low,1,True,False,1.3417817316343055,0.16209805454362025,0.3820071518421173,22.860780715942383,3.06948212647129,0.4444444444444444,0.7737056144690831,0.8172884623718364,0.4023540517126227,1.0744817284068522,0.037447421807375224
hikmatollah_apt,spread_low,2,True,False,1.1281563783555577,0.16427239813571606,0.2933502197265625,23.692928314208984,5.000302977005152,0.4444444444444444,0.7737056144690831,0.9294156781238812,0.3982266474041248,1.009691002088804,0.03440927535278966
hikmatollah_apt,clustered_high,0,True,False,1.855382971717743,0.23519966914506701,0.5366357564926147,18.643936157226562,2.6439564958729376,0.2777777777777778,0.610383914921242,2.63178122519282,0.32195141480338774,0.4739386663698589,0.22049417405506805
hikmatollah_apt,clustered_high,1,True,False,1.8137012185747658,0.27806286596752583,0.47473984956741333,10.023000717163086,4.192179786084573,0.3611111111111111,0.6920447646951626,2.391585647055562,0.346676797197813,0.2594399773416016,0.2072920622592238
hikmatollah_apt,clustered_high,2,True,False,1.9550684813645207,0.25634514077921106,0.5611404180526733,17.467275619506836,2.6034535004292736,0.2777777777777778,0.610383914921242,2.668639092976135,0.3216894598429363,0.4720143519063068,0.22148423537852602
hikmatollah_apt,clustered_low,0,True,True,3.1233581405729045,0.39482879778796454,0.6807507872581482,10.464681625366211,2.3185472334346344,0.3611111111111111,0.7011707131126067,3.279151964871451,0.2654406700817943,0.22863452341929402,0.029424643718873034
hikmatollah_apt,clustered_low,1,True,False,2.3016753121405085,0.31797050939287497,0.8586423397064209,14.04848861694336,1.8068338373374837,0.3333333333333333,0.6678664642430038,3.2694499090868607,0.32760298166397417,0.20335616215787133,0.050665201040076394
hikmatollah_apt,clustered_low,2,True,True,3.4250544180123152,0.48757196234540606,0.7547860741615295,10.087886810302734,1.0065118141805036,0.3333333333333333,0.6678664642430038,4.208567642995332,0.22602434648629924,0.17179902928321872,0.025692430670222838
home-office-portrait,uniform,0,True,False,1.2849068808995268,0.09897023185830496,0.052078694105148315,31.737672805786133,6.0268966161464,0.2222222222222222,0.5319226099474946,4.903987455944562,0.11499442593019599,0.2649642586174527,0.26940356180826247
home-office-portrait,uniform,1,True,False,1.2849068808995268,0.09897023185830496,0.052078694105148315,31.737672805786133,6.0268966161464,0.2222222222222222,0.5319226099474946,4.903987455944562,0.11499442593019599,0.2649642586174527,0.26940356180826247
home-office-portrait,uniform,2,True,False,1.2849068808995268,0.09897023185830496,0.052078694105148315,31.737672805786133,6.0268966161464,0.2222222222222222,0.5319226099474946,4.903987455944562,0.11499442593019599,0.2649642586174527,0.26940356180826247
home-office-portrait,random,0,True,False,1.9187135741901309,0.19740113344825436,0.10280323773622513,31.625125885009766,5.303889291473056,0.16666666666666666,0.4549808751202886,5.006687067750775,0.10250902393936182,0.2670769766258528,0.28461513900769053
home-office-portrait,random,1,True,False,2.1511329788818685,0.22128472770415705,0.1438017040491104,22.55579948425293,4.139692730639368,0.16666666666666666,0.46410682353773264,4.963749571878827,0.14917193459765818,0.17644842711852682,0.2709709553385524
home-office-portrait,random,2,True,False,1.7454043095390293,0.1983167188333821,0.08034976571798325,27.243030548095703,5.090003819420691,0.19444444444444445,0.5033374760246063,4.9785059557958915,0.11860404656020125,0.23689043182420058,0.22483926608702318
home-office-portrait,sharpness,0,True,False,2.0106181415730964,0.1938593008160126,0.6011798977851868,6.858034610748291,0.9173142134087752,0.08333333333333333,0.29907197715946404,5.907770987401122,0.04827660512963312,0.04150641602565309,0.8639155324011423
home-office-portrait,sharpness,1,True,False,2.0106181415730964,0.1938593008160126,0.6011798977851868,6.858034610748291,0.9173142134087752,0.08333333333333333,0.29907197715946404,5.907770987401122,0.04827660512963312,0.04150641602565309,0.8639155324011423
home-office-portrait,sharpness,2,True,False,2.0106181415730964,0.1938593008160126,0.6011798977851868,6.858034610748291,0.9173142134087752,0.08333333333333333,0.29907197715946404,5.907770987401122,0.04827660512963312,0.04150641602565309,0.8639155324011423
home-office-portrait,coverage,0,True,False,1.1748661139024208,0.38530345789540077,0.15537388622760773,26.67228889465332,2.6284087621568952,0.2222222222222222,0.5711532624343684,4.892988847699336,0.15003104514232682,0.2585662259207785,0.13732913796256516
home-office-portrait,coverage,1,True,False,1.0854705925783863,0.2309192457158261,0.18084853887557983,15.054014205932617,5.381656555881356,0.2222222222222222,0.5620273140169243,4.892988847699336,0.14704048317799756,0.22399056422411248,0.29529112267698643
home-office-portrait,coverage,2,True,False,1.8379053789112099,0.13156137977968627,0.13716034591197968,32.568389892578125,5.0187125203939855,0.2222222222222222,0.5711532624343684,4.892988847699336,0.1501950061048138,0.19970885868077778,0.2712720425763595
home-office-portrait,coverage_fps,0,True,False,1.8053606098421011,0.25433522389466334,0.09931895136833191,27.583505630493164,4.954220006222097,0.2222222222222222,0.5711532624343684,4.926479303784564,0.15117088167409568,0.23092710921406834,0.2746061297608867
home-office-portrait,coverage_fps,1,True,False,2.0225546159002064,0.19786489113136468,0.08028428256511688,23.347946166992188,3.720013531168475,0.2222222222222222,0.5802792108518123,4.892988847699336,0.14945526064356632,0.20247217208603346,0.21881794576574926
home-office-portrait,coverage_fps,2,True,False,1.0801484966006094,0.14961418525188305,0.12669433653354645,21.598087310791016,3.889353840648652,0.2222222222222222,0.5711532624343684,4.892988847699336,0.14344315091770757,0.20535007982021652,0.23663679386531375
home-office-portrait,coverage_q25,0,True,False,1.116696096741146,0.12718371795538713,0.06457726657390594,20.37162971496582,5.51765497840773,0.2222222222222222,0.5529013655994802,4.903987455944562,0.14460083576013022,0.23790589472988194,0.25044583091958256
home-office-portrait,coverage_q25,1,True,False,1.1990397757842848,0.1522845994783279,0.05473042279481888,32.24592590332031,4.7171471339793865,0.2222222222222222,0.5711532624343684,4.903987455944562,0.158240384555739,0.19308505522497885,0.250129949855903
home-office-portrait,coverage_q25,2,True,False,1.11775343860723,0.13541114296409845,0.11723215132951736,21.242591857910156,5.4513858134000275,0.2222222222222222,0.5620273140169243,4.903987455944562,0.15453798237551872,0.1807654347086288,0.3076352665612601
home-office-portrait,coverage_q75,0,True,False,2.369483298149842,0.20354067033165207,0.5748790502548218,15.251985549926758,0.9280127193380444,0.1111111111111111,0.3244575662821792,5.860342142626143,0.04750506972177583,0.05321716562212713,0.6964605588872942
home-office-portrait,coverage_q75,1,True,False,2.2437451316069774,0.17495262869724904,0.5698463320732117,15.519619941711426,0.9176862138947309,0.1111111111111111,0.35034901356476544,5.860342142626143,0.04736069053380088,0.05382239654723708,0.671705008114193
home-office-portrait,coverage_q75,2,True,False,2.2985545796841302,0.20039383013407613,0.6138124465942383,19.29541015625,1.0314634059038197,0.1111111111111111,0.35034901356476544,5.860342142626143,0.04885062651958404,0.05285522904090744,0.6741531347107091
home-office-portrait,spread_high,0,True,False,1.1664462351925116,0.120527144901878,0.12703227996826172,24.022918701171875,5.048242162530267,0.2222222222222222,0.5529013655994802,5.051904677586214,0.1284845214951734,0.19975887534316075,0.38530478974429383
home-office-portrait,spread_high,1,True,False,1.7366400738594385,0.08320675517443676,0.07398903369903564,27.053144454956055,4.561514014429269,0.2222222222222222,0.5529013655994802,5.051904677586214,0.13040853284933715,0.1951877012794028,0.3718945800839905
home-office-portrait,spread_high,2,True,False,1.1472567769413338,0.2990499670938864,0.07381465286016464,33.1820182800293,4.846734952198035,0.2222222222222222,0.5620273140169243,5.051904677586214,0.13229178059401295,0.19281223428444466,0.3100466031575615
home-office-portrait,spread_low,0,True,False,1.4105447610865054,0.4107896914816008,0.11925341188907623,20.559112548828125,3.072595192288968,0.2222222222222222,0.5620273140169243,4.892988847699336,0.148614194181162,0.1979263111948404,0.0734811582029068
home-office-portrait,spread_low,1,True,False,1.5014001199480576,0.4482635531498468,0.10449221730232239,25.11423683166504,3.360947536658076,0.2222222222222222,0.5711532624343684,4.892988847699336,0.15446178658637974,0.1982393767846906,0.0659129462501399
home-office-portrait,spread_low,2,True,True,1.8516915804808598,0.4630898379313415,0.14744718372821808,19.177610397338867,3.390260580203708,0.2222222222222222,0.5620273140169243,4.892988847699336,0.16353560107559945,0.2132436065892497,0.09384467720496065
home-office-portrait,clustered_high,0,True,False,2.7103074910512563,0.25506999631455757,0.3220028281211853,6.958895683288574,1.6746031135627932,0.1111111111111111,0.3491417248942092,5.74086337256358,0.06439285557248381,0.0410303582353181,0.3339998207076399
home-office-portrait,clustered_high,1,True,False,2.0205762440076356,0.3540441853398782,0.7833582162857056,6.451631546020508,0.32398074478588,0.08333333333333333,0.27461456740811574,6.046784292698585,0.028528364621259107,0.015760067632066728,0.770310779232442
home-office-portrait,clustered_high,2,True,False,2.7970117157041945,0.27743710735783467,0.369373083114624,4.85865592956543,2.477335155056338,0.1388888888888889,0.3883723773810829,5.728528749776273,0.063885079130827,0.03908938609401592,0.359215609617443
home-office-portrait,clustered_low,0,True,True,1.8865047817207163,0.6973483479597742,0.7641488313674927,16.035552978515625,0.7539065739569959,0.1111111111111111,0.25618559126721213,5.745613506477716,0.060573797340117204,0.04604920380077263,0.056552301527742155
home-office-portrait,clustered_low,1,True,False,1.4441157926269608,0.13074019196340572,0.22261305153369904,43.20481491088867,3.2699739490441875,0.1111111111111111,0.3383026296463377,5.22018667534994,0.1518197513602809,0.07282147621587634,0.10770733470163887
home-office-portrait,clustered_low,2,True,True,2.1711339228615265,0.6926083793619784,0.7911874651908875,15.213101387023926,0.8321939167250122,0.1111111111111111,0.29045188690189117,5.681477613026324,0.0708201088185873,0.04834404960960681,0.0571296012943844
mokhi_office,uniform,0,True,False,1.1992951896284576,0.005380862619526284,0.8449022769927979,14.252643585205078,2.8665913871261894,0.4166666666666667,0.7495273140169244,1.1573791674354448,0.36234409727131184,0.8172208511179613,0.2661165868436757
mokhi_office,uniform,1,True,False,1.1992951896284576,0.005380862619526284,0.8449022769927979,14.252643585205078,2.8665913871261894,0.4166666666666667,0.7495273140169244,1.1573791674354448,0.36234409727131184,0.8172208511179613,0.2661165868436757
mokhi_office,uniform,2,True,False,1.1992951896284576,0.005380862619526284,0.8449022769927979,14.252643585205078,2.8665913871261894,0.4166666666666667,0.7495273140169244,1.1573791674354448,0.36234409727131184,0.8172208511179613,0.2661165868436757
mokhi_office,random,0,True,False,1.3915995830032883,0.08082083148047398,0.8810579776763916,12.75405216217041,2.5396163776713374,0.3611111111111111,0.6920447646951626,2.8547547387216996,0.31456700737458154,0.8092085620752293,0.21570813432809752
mokhi_office,random,1,True,False,1.0194435429535202,0.07266537878501544,0.8623316287994385,13.695764541625977,2.663751908028829,0.3888888888888889,0.7253490135647654,1.5812984394135805,0.35599867710858424,0.6709240015016207,0.3072214758978542
mokhi_office,random,2,True,False,1.2706781864420416,0.03381710801271895,0.8519762754440308,14.730201721191406,3.010433867011581,0.3333333333333333,0.6678664642430038,1.366496478112218,0.3679943680443602,0.7820711711275238,0.243432872442937
mokhi_office,sharpness,0,True,False,1.5469364507808352,0.17952356083386511,0.967933714389801,6.407980442047119,1.654894207744858,0.16666666666666666,0.46410682353773264,4.969781338585879,0.15651019843030406,0.10364954902400052,0.6608418399518814
mokhi_office,sharpness,1,True,False,1.5469364507808352,0.17952356083386511,0.967933714389801,6.407980442047119,1.654894207744858,0.16666666666666666,0.46410682353773264,4.969781338585879,0.15651019843030406,0.10364954902400052,0.6608418399518814
mokhi_office,sharpness,2,True,False,1.5469364507808352,0.17952356083386511,0.967933714389801,6.407980442047119,1.654894207744858,0.16666666666666666,0.46410682353773264,4.969781338585879,0.15651019843030406,0.10364954902400052,0.6608418399518814
mokhi_office,coverage,0,True,False,1.167505299117014,0.014531298484997922,0.8211901187896729,16.26247787475586,2.6378562537087715,0.4444444444444444,0.7737056144690831,0.43681319123982076,0.40609626615634903,0.5768778147140363,0.2565259919513301
mokhi_office,coverage,1,True,False,1.1925179332657128,0.024516878803684042,0.8357282280921936,15.419793128967285,2.9986725227354456,0.4444444444444444,0.7737056144690831,0.42568222395806377,0.40606033912175643,0.5492821840636559,0.23225191537435935
mokhi_office,coverage,2,True,False,1.1842562615352275,0.017373418106909476,0.8410653471946716,16.590503692626953,2.77634060046525,0.4444444444444444,0.7737056144690831,0.43706004862118775,0.40611393342421137,0.6292784976021071,0.22909152097522853
mokhi_office,coverage_fps,0,True,False,1.1751286300305068,0.015304011833360975,0.8118152618408203,15.882848739624023,2.9914819763492573,0.4444444444444444,0.7737056144690831,0.43681319123982076,0.40609858796325954,0.6545795223163735,0.2489942025327584
mokhi_office,coverage_fps,1,True,False,1.1991126617206624,0.014678313815001676,0.856843888759613,16.69207000732422,2.7505360363518117,0.4444444444444444,0.7737056144690831,0.4382988449551397,0.40608877591542863,0.6004284811412007,0.20080702980741472
mokhi_office,coverage_fps,2,True,False,1.1756854315641174,0.014401759747726613,0.8175787925720215,16.253271102905273,2.989263055651502,0.4444444444444444,0.7737056144690831,0.42568222395806377,0.4060890246379915,0.6786990123202857,0.22144674511160703
mokhi_office,coverage_q25,0,True,False,1.1880683455225138,0.01381122033486874,0.844678521156311,17.134132385253906,2.708657501393009,0.4444444444444444,0.7737056144690831,0.45200992461506573,0.40598004339810223,0.44040881385315456,0.2579962627469013
mokhi_office,coverage_q25,1,True,False,1.1812370631847164,0.01335554219315175,0.8482834100723267,16.831127166748047,2.64387023359489,0.4444444444444444,0.7737056144690831,0.438939183605517,0.4059094720349187,0.5297665966734221,0.227435107867699
mokhi_office,coverage_q25,2,True,False,1.1770666232635973,0.01912807100113808,0.7937049269676208,16.093839645385742,2.6956417784978197,0.4444444444444444,0.7737056144690831,0.6038285282803901,0.40583024522890265,0.6051277632388513,0.22952896937898512
mokhi_office,coverage_q75,0,True,False,1.2549284194107004,0.1702240825426291,0.8984505534172058,7.398675441741943,2.756521426747254,0.3055555555555556,0.6528141122082889,4.019451594760032,0.22365493076836973,0.4609805023166026,0.4309125370764021
mokhi_office,coverage_q75,1,True,False,1.254247661222076,0.17562214262072096,0.8985757827758789,7.28205680847168,2.7283625947117978,0.3055555555555556,0.6528141122082889,4.019451594760032,0.2216677255716027,0.4559120661541203,0.44383157558603625
mokhi_office,coverage_q75,2,True,False,1.2660281386057648,0.1771467284085265,0.89802485704422,6.988500595092773,2.7203163224821725,0.3055555555555556,0.6528141122082889,4.019451594760032,0.22128927791090103,0.4696062957680765,0.4366597996368988
mokhi_office,spread_high,0,True,False,1.0646390901177945,0.06743175804244735,0.8147205710411072,13.478839874267578,2.6963510499298016,0.4444444444444444,0.7737056144690831,1.7701735798310283,0.3781713917893342,0.6262266754454291,0.314248223250604
mokhi_office,spread_high,1,True,False,1.0044084304919636,0.08028589055582275,0.8332654237747192,15.051994323730469,2.6924958617473034,0.4444444444444444,0.7737056144690831,1.7701735798310283,0.3858962204719842,0.5351678978635801,0.27664694810172374
mokhi_office,spread_high,2,True,False,1.0607574768664345,0.056672647411606075,0.835738480091095,14.207301139831543,2.6689516324974614,0.4444444444444444,0.7737056144690831,1.7701735798310283,0.37556000400117656,0.5919356712354087,0.28291268922175367
mokhi_office,spread_low,0,True,False,1.1605895134454218,0.01116233970959183,0.8126598596572876,16.502429962158203,2.792729812923111,0.4444444444444444,0.7737056144690831,0.8238187248928024,0.4036505170205063,0.4210608769421198,0.1754094053638019
mokhi_office,spread_low,1,True,False,1.204567548483238,0.01377246799418978,0.7912494540214539,17.573406219482422,2.6124201723631244,0.4444444444444444,0.7737056144690831,0.8291664284063973,0.4019364582537175,0.40654338300178083,0.16191489535151926
mokhi_office,spread_low,2,True,False,1.167083667777154,0.008319800081230209,0.8220041394233704,16.408004760742188,2.767051899487003,0.4444444444444444,0.7737056144690831,0.8919828021280334,0.4041096336322608,0.4210608769421198,0.1693836307640085
mokhi_office,clustered_high,0,True,False,1.5816611178710736,0.3182947226970862,0.9744119048118591,2.6209681034088135,0.26128693919852464,0.16666666666666666,0.46410682353773264,5.546372783174393,0.08379199148358349,0.05441172356599123,0.5333679399306889
mokhi_office,clustered_high,1,True,False,1.3480089616388906,0.061042105389050985,0.9155234694480896,14.06052017211914,2.2427929388702608,0.2222222222222222,0.5529013655994802,3.008673448202509,0.3031064728946287,0.21830079059847182,0.29541924778149126
mokhi_office,clustered_high,2,True,False,1.746953992743528,0.34795034244455186,0.9776723384857178,2.1393918991088867,0.22711379103726553,0.1388888888888889,0.4169575113039712,5.640849493639498,0.07065441224370904,0.051645187030453246,0.5490387823367711
mokhi_office,clustered_low,0,True,True,4.021886223220398,0.5732580217223002,0.9693098664283752,4.928652763366699,0.41744263140445853,0.19444444444444445,0.5227966615300507,5.293761372807991,0.11071947209154914,0.06596159562477304,0.10694436785627012
mokhi_office,clustered_low,1,True,False,2.1010254452861243,0.2527764112486977,0.8964252471923828,9.29930591583252,0.9155107658186896,0.2777777777777778,0.610383914921242,4.044477524520045,0.252332955541774,0.14924718551063615,0.17723489908239082
mokhi_office,clustered_low,2,True,True,3.7389351718064896,0.5847737029645934,0.9688733816146851,5.0292768478393555,0.45547174049915884,0.19444444444444445,0.5227966615300507,5.284923183689228,0.10791779264224184,0.06655080823269052,0.09935051863577059
room2,uniform,0,True,False,1.8984490426252645,0.018575006777253555,0.18858766555786133,29.651996612548828,7.106103165254279,0.2777777777777778,0.62863581175613,1.2413510324226062,0.3977779714433251,1.7894942710404338,0.16950789877548303
room2,uniform,1,True,False,1.8984490426252645,0.018575006777253555,0.18858766555786133,29.651996612548828,7.106103165254279,0.2777777777777778,0.62863581175613,1.2413510324226062,0.3977779714433251,1.7894942710404338,0.16950789877548303
room2,uniform,2,True,False,1.8984490426252645,0.018575006777253555,0.18858766555786133,29.651996612548828,7.106103165254279,0.2777777777777778,0.62863581175613,1.2413510324226062,0.3977779714433251,1.7894942710404338,0.16950789877548303
room2,random,0,True,False,1.7932951159932877,0.019639503077726515,0.17194411158561707,31.958709716796875,6.620198458920652,0.3611111111111111,0.7011707131126066,1.3084272024905168,0.39199266290826384,1.3458427836604607,0.15030515229881863
room2,random,1,True,False,1.818449316512416,0.023568160734677567,0.054881591349840164,25.643836975097656,5.848167322615201,0.3611111111111111,0.7011707131126066,1.4312377123724662,0.3924322130025509,1.4759923654143905,0.1060678936186564
room2,random,2,True,False,2.0102572742943865,0.03678188199263278,0.18568304181098938,28.357650756835938,4.8452218252606185,0.3611111111111111,0.7011707131126066,1.0421558373065354,0.39964972332675053,1.5172824785773753,0.1662169975684801
room2,sharpness,0,True,False,1.8607688009135834,0.1736479059692126,0.34199926257133484,16.58514404296875,5.010931738464463,0.3333333333333333,0.6678664642430038,1.8862908460409118,0.36639765461782137,0.6475412122495156,0.5747966780116407
room2,sharpness,1,True,False,1.8607688009135834,0.1736479059692126,0.34199926257133484,16.58514404296875,5.010931738464463,0.3333333333333333,0.6678664642430038,1.8862908460409118,0.36639765461782137,0.6475412122495156,0.5747966780116407
room2,sharpness,2,True,False,1.8607688009135834,0.1736479059692126,0.34199926257133484,16.58514404296875,5.010931738464463,0.3333333333333333,0.6678664642430038,1.8862908460409118,0.36639765461782137,0.6475412122495156,0.5747966780116407
room2,coverage,0,True,False,1.7054626766068712,0.26249382475297595,0.028607280924916267,22.154308319091797,3.9174195629919817,0.4444444444444444,0.7737056144690831,0.45568339558314364,0.4060715998327145,1.4619589445798165,0.10175545646027889
room2,coverage,1,True,False,2.1990454364646546,0.12806583906312752,0.1383504867553711,30.53646469116211,5.775357036615907,0.4444444444444444,0.7737056144690831,0.43580030664250735,0.4060899489906396,1.5957229291574246,0.28568288701913613
room2,coverage,2,True,False,1.5738788930036187,0.08434016335235056,0.11852262169122696,24.594310760498047,6.8431996592788105,0.4444444444444444,0.7737056144690831,0.4205330657499049,0.4060798937983538,1.2018315732624978,0.11290617943140618
room2,coverage_fps,0,True,False,2.249144236865579,0.0874664641971058,0.20549458265304565,25.045032501220703,6.1707613109198105,0.4444444444444444,0.7737056144690831,0.43580030664250735,0.4060910350298376,1.5237745313111224,0.21681389973381843
room2,coverage_fps,1,True,False,1.7095368750531266,0.08391523234369683,0.12306869775056839,34.186370849609375,4.7682389728022265,0.4444444444444444,0.7737056144690831,0.4211674683380422,0.4060515443850093,1.6278489092295065,0.11517913411773384
room2,coverage_fps,2,True,False,1.0616029074631979,0.2325823178291695,0.40119168162345886,29.765939712524414,4.570883708335465,0.4444444444444444,0.7737056144690831,0.4665305949562617,0.4060769816796854,1.120995467507207,0.14226086906533303
room2,coverage_q25,0,True,False,1.4993992025072496,0.09879501708923795,0.22703930735588074,29.673439025878906,5.646133658381551,0.4444444444444444,0.7737056144690831,0.45930211324019865,0.40606458310738097,1.328682608615993,0.2884884003188818
room2,coverage_q25,1,True,False,2.2193815618201023,0.13114951525982582,0.1568976789712906,23.819692611694336,5.888972078605642,0.4444444444444444,0.7737056144690831,0.43580030664250735,0.40595800824059036,1.5200380239159261,0.20642195960722656
room2,coverage_q25,2,True,False,1.3571024160421694,0.15611548885691537,0.08297099173069,29.825639724731445,3.9251005914520576,0.4444444444444444,0.7737056144690831,0.4960257608732048,0.40592185697456634,0.8502129042151547,0.1785775081148857
room2,coverage_q75,0,True,False,1.9710575937366916,0.10755553734069986,0.26437756419181824,25.217466354370117,5.90027792847657,0.4444444444444444,0.7737056144690831,0.8444667281222911,0.402158553210293,0.9764568240831794,0.3319301714596959
room2,coverage_q75,1,True,False,1.997620906716033,0.05366437183107761,0.25428318977355957,26.445581436157227,6.129701706759729,0.4444444444444444,0.7737056144690831,0.8444667281222911,0.40036264016002915,1.2592012714022347,0.3756662757167704
room2,coverage_q75,2,True,False,2.0674835347656337,0.05059619670509447,0.3786521553993225,27.042978286743164,6.367230412610358,0.4444444444444444,0.7737056144690831,1.0365586408494414,0.3961438089164512,1.132054851839545,0.31610956795704737
room2,spread_high,0,True,False,1.6751649943337412,0.05764868591173787,0.2884502708911896,22.222261428833008,6.3123427395915135,0.4444444444444444,0.7737056144690831,0.5158587256554346,0.40590916274619104,0.8387631566272717,0.2130372196160103
room2,spread_high,1,True,False,1.061698340848418,0.2247203874524382,0.5165625810623169,25.890941619873047,4.10544131437327,0.4444444444444444,0.7737056144690831,0.4665305949562617,0.4056389307780686,0.8899093434003127,0.2055595485450742
room2,spread_high,2,True,False,1.8108394025340546,0.0568182300464212,0.217826709151268,21.661714553833008,6.301765924705999,0.4444444444444444,0.7737056144690831,0.5158587256554346,0.4058811700157719,0.7758012961256964,0.2058972822495834
room2,spread_low,0,True,False,1.9360623767868246,0.24211973752612398,0.09981585294008255,24.047880172729492,4.355367959995947,0.4444444444444444,0.7737056144690831,0.5947532038260945,0.40568723162524073,1.0763037586824455,0.05187330522782725
room2,spread_low,1,True,False,1.4564414092220945,0.18379645322847374,0.13519418239593506,27.352256774902344,4.52844911811535,0.4444444444444444,0.7737056144690831,0.5290614087557772,0.4057232265249323,1.2212120445669519,0.05565119600785064
room2,spread_low,2,True,False,2.1513148352080216,0.11232691962969582,0.2800969183444977,35.61203384399414,4.660846079845364,0.4444444444444444,0.7737056144690831,0.46448623919786636,0.40581475284286755,1.255023276409807,0.06148309567211056
room2,clustered_high,0,True,False,1.1000475572846502,0.2359246512627444,0.6825100183486938,27.741531372070312,2.452090014253028,0.3611111111111111,0.7011707131126066,2.301692198261608,0.35831627981330044,0.39841617051144873,0.3079081880155564
room2,clustered_high,1,True,False,2.2433797341985215,0.3099491263132979,0.7709355354309082,11.174968719482422,1.5382413121873613,0.3333333333333333,0.6769924126604476,3.4393421197074128,0.30098801723985225,0.4313206598086906,0.16020578708781968
room2,clustered_high,2,True,False,1.0728806999654161,0.24290086992333035,0.7136021256446838,27.339445114135742,2.471119983655333,0.3611111111111111,0.7011707131126066,2.298601742045663,0.35703295540423396,0.3986222009258451,0.29614893168326856
room2,clustered_low,0,True,True,2.2969200677544372,0.5952328223508483,0.40580081939697266,23.717124938964844,2.2525874930984453,0.3611111111111111,0.7011707131126066,3.373960319061055,0.2858181098484755,0.28333492949066463,0.04652809271212534
room2,clustered_low,1,True,False,2.277515371819901,0.5181278610539793,0.54252690076828,18.43783950805664,3.374501333496519,0.19444444444444445,0.4942115276071623,4.377994655522887,0.21071665637815834,0.2267765680785188,0.05565629544177527
room2,clustered_low,2,True,False,1.9376311402933775,0.594041178069542,0.461440771818161,30.038158416748047,2.2273702443416794,0.3888888888888889,0.7253490135647654,2.974320909776707,0.3157795138726093,0.30997755677628785,0.05041811176172185
test2,uniform,0,True,False,1.1198916924636406,0.13339708288613117,0.2151986062526703,23.329132080078125,4.594137381026665,0.3888888888888889,0.7253490135647654,1.1278938562285576,0.3916256695166974,1.8477256571211933,0.09164161748527225
test2,uniform,1,True,False,1.1198916924636406,0.13339708288613117,0.2151986062526703,23.329132080078125,4.594137381026665,0.3888888888888889,0.7253490135647654,1.1278938562285576,0.3916256695166974,1.8477256571211933,0.09164161748527225
test2,uniform,2,True,False,1.1198916924636406,0.13339708288613117,0.2151986062526703,23.329132080078125,4.594137381026665,0.3888888888888889,0.7253490135647654,1.1278938562285576,0.3916256695166974,1.8477256571211933,0.09164161748527225
test2,random,0,True,False,1.4762324566586218,0.057112576544821866,0.413047194480896,21.21261978149414,4.8948668981649295,0.3611111111111111,0.7011707131126067,2.2044867788530285,0.32782437906691686,1.153759438494185,0.12612527023830516
test2,random,1,True,False,1.118368375529573,0.1278847132150185,0.3320818245410919,21.691343307495117,4.636616317596682,0.3611111111111111,0.7011707131126066,1.5411615611535359,0.3703024657186221,1.5265714509922654,0.1175928294805759
test2,random,2,True,False,1.5511132790178448,0.03246866352845574,0.18966637551784515,25.10614585876465,4.024541998262137,0.3611111111111111,0.7011707131126066,1.090082466256348,0.37867782145666856,1.6761892110653889,0.2043658343079737
test2,sharpness,0,True,False,1.3017432779671314,0.3727213263962007,0.6149307489395142,13.146623611450195,3.3779133850946876,0.3333333333333333,0.6678664642430038,1.32962710181054,0.351137023765232,0.9557466265003828,0.4988681169828673
test2,sharpness,1,True,False,1.3017432779671314,0.3727213263962007,0.6149307489395142,13.146623611450195,3.3779133850946876,0.3333333333333333,0.6678664642430038,1.32962710181054,0.351137023765232,0.9557466265003828,0.4988681169828673
test2,sharpness,2,True,False,1.3017432779671314,0.3727213263962007,0.6149307489395142,13.146623611450195,3.3779133850946876,0.3333333333333333,0.6678664642430038,1.32962710181054,0.351137023765232,0.9557466265003828,0.4988681169828673
test2,coverage,0,True,False,1.2558603702840594,0.07102700574058515,0.39492109417915344,21.64813995361328,4.139512153293109,0.4444444444444444,0.7737056144690831,0.47052060312425503,0.40605139770163967,1.5721906191617419,0.134088409904395
test2,coverage,1,True,False,1.2859143543536642,0.08582499581015635,0.4457680583000183,21.511634826660156,3.6209653340338126,0.4444444444444444,0.7737056144690831,0.4558481458797381,0.40606451350610034,1.5006725962604304,0.1896998918779293
test2,coverage,2,True,False,1.241465982097486,0.07925364237875956,0.350220263004303,23.588001251220703,4.557002572037875,0.4444444444444444,0.7737056144690831,0.442603868433495,0.40607723779518784,1.2672074353020109,0.13515453799502244
test2,coverage_fps,0,True,False,1.126788855674574,0.11917269637961092,0.3501124382019043,21.750240325927734,4.75492735519406,0.4444444444444444,0.7737056144690831,0.43875139666741436,0.40605686294742693,1.643967058652376,0.11810989626495552
test2,coverage_fps,1,True,False,1.2470337502414763,0.07560785315123258,0.41782766580581665,18.380569458007812,3.998487232013624,0.4444444444444444,0.7737056144690831,0.4492238512557396,0.40600195742057466,1.4132617303945345,0.12989394421061345
test2,coverage_fps,2,True,False,1.424540483082167,0.01740601576722836,0.29090309143066406,25.016536712646484,5.110281817343965,0.4444444444444444,0.7737056144690831,0.45698051716018284,0.40601023547000165,1.4320976182562826,0.12849148442656078
test2,coverage_q25,0,True,False,1.5697509152651612,0.04802699110699488,0.3612841069698334,20.893489837646484,4.529149695122877,0.4444444444444444,0.7737056144690831,0.44826353689685305,0.4060755049166816,1.3616051971959717,0.18967485212408208
test2,coverage_q25,1,True,False,1.4019433509569514,0.04312604013065239,0.24683167040348053,23.53318977355957,3.9572835736759866,0.4444444444444444,0.7737056144690831,0.44826353689685305,0.40607007192189337,1.1987205072507232,0.18369506653201131
test2,coverage_q25,2,True,False,1.4728673553630776,0.032964364086829755,0.4656858742237091,20.10186767578125,3.6874930865425344,0.4444444444444444,0.7737056144690831,0.44826353689685305,0.4060133073398942,1.517289036054724,0.15675487218570267
test2,coverage_q75,0,True,False,1.2913425284766775,0.3127666962344034,0.5416609644889832,16.75751495361328,3.210233896890627,0.4444444444444444,0.7737056144690831,0.5112795574032507,0.4057187013391407,0.9650641467195153,0.28376919128626316
test2,coverage_q75,1,True,False,1.3362313715200056,0.29839383382688356,0.4686984419822693,17.348735809326172,3.6471387791385195,0.4444444444444444,0.7737056144690831,0.5093487531233496,0.4057276796602938,1.2998363548358611,0.2779607602431772
test2,coverage_q75,2,True,False,1.3044120504680425,0.3079076903567953,0.5482000112533569,15.59160041809082,3.0099259239447775,0.4444444444444444,0.7737056144690831,0.5125351673297196,0.40569669094433064,0.9635815793965274,0.2806436410850175
test2,spread_high,0,True,False,1.3545376746499385,0.07764675725667118,0.396695077419281,21.109737396240234,4.060993415021554,0.4444444444444444,0.7737056144690831,0.5112795574032507,0.4060059895787796,1.6028724505065577,0.21924691852401956
test2,spread_high,1,True,False,1.2290949372654287,0.08266148084818223,0.4491579532623291,18.893795013427734,3.8341991271358054,0.4444444444444444,0.7737056144690831,0.5112795574032507,0.405982546728796,1.5079783227172008,0.19656951845863688
test2,spread_high,2,True,False,1.3012126917815916,0.2718538825648693,0.507618248462677,16.902198791503906,3.765611781513177,0.4444444444444444,0.7737056144690831,0.4624328612099209,0.4060178175828302,1.1700485289963443,0.24470877323931634
test2,spread_low,0,True,False,1.4749174969418928,0.008865149865328322,0.4678841531276703,21.882526397705078,4.542972399012963,0.4444444444444444,0.7737056144690831,0.5140764463136467,0.4060101538565404,1.6224924078007452,0.04639597640403756
test2,spread_low,1,True,False,1.6665849064351403,0.09539693061622388,0.297016441822052,24.34152603149414,4.242837724904668,0.4444444444444444,0.7737056144690831,0.4957595989133843,0.4060232228304877,1.7637241131598442,0.04243758750546742
test2,spread_low,2,True,False,1.7008342276272679,0.07945738977789452,0.4233114421367645,23.583717346191406,4.488172023802186,0.4444444444444444,0.7737056144690831,0.5140764463136467,0.40600941163843235,1.5610992287851106,0.04615621089691012
test2,clustered_high,0,True,False,1.3889360547353142,0.08591558706414132,0.5929661393165588,18.065237045288086,1.9071718130105666,0.3888888888888889,0.7253490135647654,1.5132436774339215,0.3656407646918056,0.5468973793842691,0.1839072554882371
test2,clustered_high,1,True,False,1.9720871612888542,0.3582048573048677,0.7433565258979797,7.096373081207275,2.6908835302876235,0.3611111111111111,0.6769924126604477,2.039391187419926,0.34185169059495113,0.5079685222449286,0.22613505675608314
test2,clustered_high,2,True,False,1.4051654766760697,0.10658057264530643,0.6071144342422485,18.957693099975586,1.45125489845275,0.4166666666666667,0.7495273140169244,1.2212081999738276,0.3808113264112874,0.5405624290625111,0.17979827907036164
test2,clustered_low,0,True,False,1.798421381765419,0.14285453572323217,0.5303621292114258,23.185325622558594,1.1836169577208853,0.3611111111111111,0.7011707131126066,2.239342777053732,0.35279022249921504,0.5626102163928354,0.05134694734231456
test2,clustered_low,1,True,False,1.3058997516050732,0.15869583596791542,0.6776500344276428,22.480640411376953,2.707140779955363,0.4166666666666667,0.7495273140169243,2.4433481727998867,0.3560857760595401,0.6147539284666337,0.045523153663392185
test2,clustered_low,2,True,False,1.7261329500703877,0.13467021152097905,0.5348417162895203,22.588428497314453,1.2008530133232986,0.3888888888888889,0.7253490135647654,2.239342777053732,0.35194115062346254,0.5802112973985002,0.0537025043430118
