capture,strategy,seed,order,ok,unwrapped_yaw_deg,L,W,h,conf,degenerate,aspect,err,angular_coverage,direction_entropy,max_angular_gap,mean_baseline,mean_adjacent_rotation,mean_sharpness,mean_consecutive_overlap
hikmatollah_apt,spread_high,0,0,True,535.6996651010244,3.811823568206389,3.6932514745364973,2.4063849347529915,0.5595483779907227,False,1.032105069066485,0.025235836559793626,0.4444444444444444,0.7737056144690831,1.216787701281456,0.39144148112062294,1.0689290990644273,0.21966374501443586,0.3115760846210149
hikmatollah_apt,spread_high,0,1,True,535.6996651010244,3.8004809474654557,3.6024724791651557,2.388746114577755,0.5353060960769653,False,1.0549646026292994,0.021065167674873687,0.4444444444444444,0.7737056144690831,1.216787701281456,0.39144148112062294,1.0689290990644273,0.21966374501443586,0.3115760846210149
hikmatollah_apt,spread_high,0,2,True,535.6996651010244,3.797493503175106,3.605201301354752,2.3474751985865367,0.5753097534179688,False,1.053337438258467,0.02106822802418643,0.4444444444444444,0.7737056144690831,1.216787701281456,0.39144148112062294,1.0689290990644273,0.21966374501443586,0.3115760846210149
hikmatollah_apt,spread_high,1,0,True,535.6996651010244,4.604746474428458,3.214741449781689,2.4521388469806595,0.4684111773967743,False,1.432384702272453,0.14136367588478285,0.4444444444444444,0.7737056144690831,1.216787701281456,0.3913621938415498,1.096094511766244,0.23441014697211957,0.3048320835776282
hikmatollah_apt,spread_high,1,1,True,535.6996651010244,4.479403768233342,3.1280662657816434,2.4089106894406305,0.5202745199203491,False,1.4320041161640882,0.13740115100598113,0.4444444444444444,0.7737056144690831,1.216787701281456,0.3913621938415498,1.096094511766244,0.23441014697211957,0.3048320835776282
hikmatollah_apt,spread_high,1,2,True,535.6996651010244,4.550329913569875,3.2473602951220997,2.460018317981845,0.47505539655685425,False,1.401239622349569,0.12996067466234934,0.4444444444444444,0.7737056144690831,1.216787701281456,0.3913621938415498,1.096094511766244,0.23441014697211957,0.3048320835776282
hikmatollah_apt,spread_high,2,0,True,535.6996651010244,5.077973129040454,3.512120523781172,2.4336991883419596,0.4123619794845581,False,1.4458425030281918,0.16043978332924064,0.4444444444444444,0.7737056144690831,1.216787701281456,0.39779750442678685,1.315053431193552,0.2465129317310471,0.3340012513811355
hikmatollah_apt,spread_high,2,1,True,535.6996651010244,4.397342517857829,3.587094515029076,2.4445217767252743,0.3977772295475006,False,1.2258786322562747,0.0637148870358677,0.4444444444444444,0.7737056144690831,1.216787701281456,0.39779750442678685,1.315053431193552,0.2465129317310471,0.3340012513811355
hikmatollah_apt,spread_high,2,2,True,535.6996651010244,4.595212111955032,3.5756513299350283,2.3944763391785107,0.4571399688720703,False,1.2851398774495526,0.09040727855933947,0.4444444444444444,0.7737056144690831,1.216787701281456,0.39779750442678685,1.315053431193552,0.2465129317310471,0.3340012513811355
hikmatollah_apt,spread_low,0,0,True,535.6996651010244,3.8385627561737232,2.9272524010173457,2.1825858377766365,0.49658292531967163,False,1.311319363796459,0.10930088770142833,0.4444444444444444,0.7737056144690831,0.8172884623718364,0.40516705231049976,0.7722828175691469,0.023349136681428996,0.44506209992365436
hikmatollah_apt,spread_low,0,1,True,535.6996651010244,3.5812204146159647,1.8029310947094903,2.2747371617372325,0.16948609054088593,False,1.9863323812677454,0.29693621658453845,0.4444444444444444,0.7737056144690831,0.8172884623718364,0.40516705231049976,0.7722828175691469,0.023349136681428996,0.44506209992365436
hikmatollah_apt,spread_low,0,2,True,535.6996651010244,3.26353270518496,2.222841622938407,2.104526909636025,0.37360572814941406,False,1.4681804909118303,0.27938094405949343,0.4444444444444444,0.7737056144690831,0.8172884623718364,0.40516705231049976,0.7722828175691469,0.023349136681428996,0.44506209992365436
hikmatollah_apt,spread_low,1,0,True,535.6996651010244,3.648550312239705,2.7191831772785644,1.867648862188939,0.3820071518421173,False,1.3417817316343055,0.16209805454362025,0.4444444444444444,0.7737056144690831,0.8172884623718364,0.4023540517126227,1.0744817284068522,0.037447421807375224,0.3064459576157613
hikmatollah_apt,spread_low,1,1,True,535.6996651010244,3.4980908521236644,3.3852089035046236,1.8598116983472375,0.3765108287334442,False,1.0333456373998595,0.08939346938178644,0.4444444444444444,0.7737056144690831,0.8172884623718364,0.4023540517126227,1.0744817284068522,0.037447421807375224,0.3064459576157613
hikmatollah_apt,spread_low,1,2,True,535.6996651010244,3.7451257075139517,3.5874363561412643,1.8428437758989547,0.3987261950969696,False,1.0439559996939713,0.03016378841373402,0.4444444444444444,0.7737056144690831,0.8172884623718364,0.4023540517126227,1.0744817284068522,0.037447421807375224,0.3064459576157613
hikmatollah_apt,spread_low,2,0,True,535.6996651010244,3.354916564452074,2.9738045441380425,2.0538136061440224,0.2933502197265625,False,1.1281563783555577,0.16427239813571606,0.4444444444444444,0.7737056144690831,0.9294156781238812,0.3982266474041248,1.009691002088804,0.03440927535278966,0.38467840990535984
hikmatollah_apt,spread_low,2,1,True,535.6996651010244,3.566197146990449,3.0650361249531746,2.036123903408095,0.4020236134529114,False,1.1635090098799181,0.124880101987996,0.4444444444444444,0.7737056144690831,0.9294156781238812,0.3982266474041248,1.009691002088804,0.03440927535278966,0.38467840990535984
hikmatollah_apt,spread_low,2,2,True,535.6996651010244,3.4484255492680074,2.2044528128486736,2.0282328944334678,0.25437766313552856,False,1.5643000064092218,0.25844757075206926,0.4444444444444444,0.7737056144690831,0.9294156781238812,0.3982266474041248,1.009691002088804,0.03440927535278966,0.38467840990535984
hikmatollah_apt,clustered_high,0,0,True,535.6996651010244,4.468244772200535,2.4082600952534143,2.5464719048661033,0.5366357564926147,False,1.855382971717743,0.23519966914506701,0.2777777777777778,0.610383914921242,2.63178122519282,0.32195141480338774,0.4739386663698589,0.22049417405506805,0.7455453323988787
hikmatollah_apt,clustered_high,0,1,True,535.6996651010244,4.493347724692729,2.458587571548284,2.5737942184738483,0.5784708857536316,False,1.8276134544449294,0.23144900974450003,0.2777777777777778,0.610383914921242,2.63178122519282,0.32195141480338774,0.4739386663698589,0.22049417405506805,0.7455453323988787
hikmatollah_apt,clustered_high,0,2,True,535.6996651010244,4.548445841234803,2.495359137113135,2.5110480911681416,0.6858812570571899,False,1.8227620119230092,0.23337405149308274,0.2777777777777778,0.610383914921242,2.63178122519282,0.32195141480338774,0.4739386663698589,0.22049417405506805,0.7455453323988787
hikmatollah_apt,clustered_high,1,0,True,535.6996651010244,3.5576645134766656,1.9615493869890723,2.8614997966191558,0.47473984956741333,False,1.8137012185747658,0.27806286596752583,0.3611111111111111,0.6920447646951626,2.391585647055562,0.346676797197813,0.2594399773416016,0.2072920622592238,0.8314176956328843
hikmatollah_apt,clustered_high,1,1,True,535.6996651010244,3.751657690309562,2.039411533487657,2.9660808944694996,0.4721134305000305,False,1.8395785395475053,0.24270760256773988,0.3611111111111111,0.6920447646951626,2.391585647055562,0.346676797197813,0.2594399773416016,0.2072920622592238,0.8314176956328843
hikmatollah_apt,clustered_high,1,2,True,535.6996651010244,3.9912743104056743,1.9719438515710543,2.986149752821446,0.386447548866272,False,2.024030403921396,0.23479885493310734,0.3611111111111111,0.6920447646951626,2.391585647055562,0.346676797197813,0.2594399773416016,0.2072920622592238,0.8314176956328843
hikmatollah_apt,clustered_high,2,0,True,535.6996651010244,4.543037204602824,2.323722799434655,2.5782979555861605,0.5611404180526733,False,1.9550684813645207,0.25634514077921106,0.2777777777777778,0.610383914921242,2.668639092976135,0.3216894598429363,0.4720143519063068,0.22148423537852602,0.7472415646637635
hikmatollah_apt,clustered_high,2,1,True,535.6996651010244,4.6089256363773625,2.3703585894284958,2.5061761670353375,0.7292640805244446,False,1.944400166680517,0.2582801302647586,0.2777777777777778,0.610383914921242,2.668639092976135,0.3216894598429363,0.4720143519063068,0.22148423537852602,0.7472415646637635
hikmatollah_apt,clustered_high,2,2,True,535.6996651010244,4.62723689815628,2.2902911655173046,2.5793883651311216,0.5525020956993103,False,2.0203705833669114,0.27164047485476883,0.2777777777777778,0.610383914921242,2.668639092976135,0.3216894598429363,0.4720143519063068,0.22148423537852602,0.7472415646637635
hikmatollah_apt,clustered_low,0,0,True,535.6996651010244,3.5378092753047596,1.1326940799225267,2.144388514015465,0.6807507872581482,True,3.1233581405729045,0.39482879778796454,0.3611111111111111,0.7011707131126067,3.279151964871451,0.2654406700817943,0.22863452341929402,0.029424643718873034,0.7984647193398382
hikmatollah_apt,clustered_low,0,1,True,535.6996651010244,3.570910281038267,1.1199855119605875,2.1372231231439995,0.6722026467323303,True,3.188353994675538,0.3923790593144357,0.3611111111111111,0.7011707131126067,3.279151964871451,0.2654406700817943,0.22863452341929402,0.029424643718873034,0.7984647193398382
hikmatollah_apt,clustered_low,0,2,True,535.6996651010244,3.558575293821486,1.1450008006598977,2.158042890908002,0.6910152435302734,True,3.1079238475384248,0.3904967127965618,0.3611111111111111,0.7011707131126067,3.279151964871451,0.2654406700817943,0.22863452341929402,0.029424643718873034,0.7984647193398382
hikmatollah_apt,clustered_low,1,0,True,535.6996651010244,3.650877206380101,1.5861825458712784,2.008946241012889,0.8586423397064209,False,2.3016753121405085,0.31797050939287497,0.3333333333333333,0.6678664642430038,3.2694499090868607,0.32760298166397417,0.20335616215787133,0.050665201040076394,0.8207469256980924
hikmatollah_apt,clustered_low,1,1,True,535.6996651010244,3.7329748966725793,1.6959559982765564,2.0754550998661703,0.8477498292922974,False,2.2011036256047074,0.2924193585377737,0.3333333333333333,0.6678664642430038,3.2694499090868607,0.32760298166397417,0.20335616215787133,0.050665201040076394,0.8207469256980924
hikmatollah_apt,clustered_low,1,2,True,535.6996651010244,3.750917797653586,1.5679100154555439,2.044992606670956,0.7992657423019409,False,2.392304252590533,0.30779120173385344,0.3333333333333333,0.6678664642430038,3.2694499090868607,0.32760298166397417,0.20335616215787133,0.050665201040076394,0.8207469256980924
hikmatollah_apt,clustered_low,2,0,True,535.6996651010244,3.065293932798547,0.8949621111647766,2.0674760471428275,0.7547860741615295,True,3.4250544180123152,0.48757196234540606,0.3333333333333333,0.6678664642430038,4.208567642995332,0.22602434648629924,0.17179902928321872,0.025692430670222838,0.8485637030404175
hikmatollah_apt,clustered_low,2,1,True,535.6996651010244,3.065562004036338,0.8942206959123424,2.0597496745442294,0.7496792674064636,True,3.4281939772246615,0.4876401301087061,0.3333333333333333,0.6678664642430038,4.208567642995332,0.22602434648629924,0.17179902928321872,0.025692430670222838,0.8485637030404175
hikmatollah_apt,clustered_low,2,2,True,535.6996651010244,3.0582239854190902,0.8959020003443005,2.0734916026489265,0.7492818236351013,True,3.4135697701799934,0.48833978365267783,0.3333333333333333,0.6678664642430038,4.208567642995332,0.22602434648629924,0.17179902928321872,0.025692430670222838,0.8485637030404175
