strategy,seed,ok,L,W,h,err,conf,angular_coverage,direction_entropy,max_angular_gap,mean_baseline,mean_adjacent_rotation,mean_sharpness,mean_consecutive_overlap
uniform,0,True,3.84,3.75,2.47,0.0293,0.436,0.361,0.701,1.244,0.38,1.493,0.181,0.222
uniform,1,True,3.84,3.75,2.47,0.0293,0.436,0.361,0.701,1.244,0.38,1.493,0.181,0.222
uniform,2,True,3.84,3.75,2.47,0.0293,0.436,0.361,0.701,1.244,0.38,1.493,0.181,0.222
random,0,True,3.71,3.42,2.66,0.0577,0.514,0.361,0.701,2.596,0.317,0.95,0.194,0.399
random,1,True,4.52,2.7,2.63,0.2014,0.266,0.361,0.692,1.563,0.378,1.182,0.187,0.348
random,2,True,5.0,2.54,2.14,0.2856,0.241,0.333,0.653,1.068,0.332,1.168,0.119,0.317
sharpness,0,True,2.69,1.27,2.62,0.4838,0.764,0.194,0.435,3.35,0.324,0.272,0.57,0.824
sharpness,1,True,2.69,1.27,2.62,0.4838,0.764,0.194,0.435,3.35,0.324,0.272,0.57,0.824
sharpness,2,True,2.69,1.27,2.62,0.4838,0.764,0.194,0.435,3.35,0.324,0.272,0.57,0.824
coverage,0,True,5.31,3.45,1.84,0.199,0.273,0.444,0.774,0.434,0.406,1.186,0.085,0.233
coverage,1,True,4.2,3.6,1.99,0.0375,0.334,0.444,0.774,0.496,0.406,1.256,0.112,0.255
coverage,2,True,5.3,3.61,2.83,0.1758,0.265,0.444,0.774,0.496,0.406,0.991,0.162,0.321
coverage_fps,0,True,4.53,3.92,2.7,0.1155,0.34,0.444,0.774,0.536,0.406,1.099,0.102,0.343
coverage_fps,1,True,4.07,2.72,2.81,0.1422,0.226,0.444,0.774,0.451,0.406,1.244,0.157,0.326
coverage_fps,2,True,3.93,3.81,2.09,0.0257,0.372,0.444,0.774,0.465,0.406,1.096,0.127,0.284
coverage_q25,0,True,5.34,3.45,2.83,0.2025,0.283,0.444,0.774,0.744,0.405,1.272,0.17,0.381
coverage_q25,1,True,5.02,3.07,3.12,0.213,0.26,0.444,0.774,0.713,0.406,1.253,0.167,0.337
coverage_q25,2,True,5.74,3.22,3.33,0.2845,0.341,0.444,0.774,0.935,0.401,1.082,0.15,0.346
coverage_q50,0,True,3.81,3.69,2.41,0.0252,0.56,0.444,0.774,1.217,0.391,1.069,0.22,0.312
coverage_q50,1,True,4.6,3.21,2.45,0.1414,0.468,0.444,0.774,1.217,0.391,1.096,0.234,0.305
coverage_q50,2,True,5.08,3.51,2.43,0.1604,0.412,0.444,0.774,1.217,0.398,1.315,0.247,0.334
coverage_q75,0,True,4.04,2.7,2.69,0.1407,0.643,0.444,0.774,1.447,0.391,0.852,0.361,0.557
coverage_q75,1,True,4.0,2.75,2.64,0.1291,0.641,0.444,0.774,1.319,0.394,0.863,0.399,0.552
coverage_q75,2,True,3.91,2.56,2.73,0.1506,0.667,0.444,0.774,1.319,0.386,0.853,0.386,0.573
spread_high,0,True,3.81,3.69,2.41,0.0252,0.56,0.444,0.774,1.217,0.391,1.069,0.22,0.312
spread_high,1,True,4.6,3.21,2.45,0.1414,0.468,0.444,0.774,1.217,0.391,1.096,0.234,0.305
spread_high,2,True,5.08,3.51,2.43,0.1604,0.412,0.444,0.774,1.217,0.398,1.315,0.247,0.334
spread_low,0,True,3.84,2.93,2.18,0.1093,0.497,0.444,0.774,0.817,0.405,0.772,0.023,0.445
spread_low,1,True,3.65,2.72,1.87,0.1621,0.382,0.444,0.774,0.817,0.402,1.074,0.037,0.306
spread_low,2,True,3.35,2.97,2.05,0.1643,0.293,0.444,0.774,0.929,0.398,1.01,0.034,0.385
clustered_high,0,True,4.47,2.41,2.55,0.2352,0.537,0.278,0.61,2.632,0.322,0.474,0.22,0.746
clustered_high,1,True,3.56,1.96,2.86,0.2781,0.475,0.361,0.692,2.392,0.347,0.259,0.207,0.831
clustered_high,2,True,4.54,2.32,2.58,0.2563,0.561,0.278,0.61,2.669,0.322,0.472,0.221,0.747
clustered_low,0,True,3.54,1.13,2.14,0.3948,0.681,0.361,0.701,3.279,0.265,0.229,0.029,0.798
clustered_low,1,True,3.65,1.59,2.01,0.318,0.859,0.333,0.668,3.269,0.328,0.203,0.051,0.821
clustered_low,2,False,,,,,,,,,,,,
