capture,strategy,K,seed,n_selected,success,rel_err,depth_backend,angular_coverage,direction_entropy,max_angular_gap,mean_baseline,mean_adjacent_rotation,mean_sharpness
cap0,uniform,10,0,10,False,,mock,0.25,0.6038633237457803,1.31196599295399,0.37984008724564067,0.6981317007977318,0.6631639544448891
cap0,uniform,10,1,10,False,,mock,0.25,0.6038633237457803,1.31196599295399,0.37984008724564067,0.6981317007977318,0.6631639544448891
cap0,uniform,10,2,10,False,,mock,0.25,0.6038633237457803,1.31196599295399,0.37984008724564067,0.6981317007977318,0.6631639544448891
cap0,uniform,20,0,20,True,0.16505186860025317,mock,0.4166666666666667,0.7246602888099593,0.6461100477117538,0.3546710649938893,0.3306939635357677,0.6907095258948902
cap0,uniform,20,1,20,True,0.16505186860025317,mock,0.4166666666666667,0.7246602888099593,0.6461100477117538,0.3546710649938893,0.3306939635357677,0.6907095258948902
cap0,uniform,20,2,20,True,0.16505186860025317,mock,0.4166666666666667,0.7246602888099593,0.6461100477117538,0.3546710649938893,0.3306939635357677,0.6907095258948902
cap0,uniform,40,0,40,True,0.06572190631782507,mock,0.75,0.8503874511611856,0.3212473377822261,0.3442409002725468,0.16110731556870733,0.7103402688925884
cap0,uniform,40,1,40,True,0.06572190631782507,mock,0.75,0.8503874511611856,0.3212473377822261,0.3442409002725468,0.16110731556870733,0.7103402688925884
cap0,uniform,40,2,40,True,0.06572190631782507,mock,0.75,0.8503874511611856,0.3212473377822261,0.3442409002725468,0.16110731556870733,0.7103402688925884
cap0,uniform,80,0,80,True,0.0175251799031789,mock,1.0,0.8932684830150363,0.16291152425184674,0.3373429243014521,0.07953399123012135,0.7128022279797697
cap0,uniform,80,1,80,True,0.0175251799031789,mock,1.0,0.8932684830150363,0.16291152425184674,0.3373429243014521,0.07953399123012135,0.7128022279797697
cap0,uniform,80,2,80,True,0.0175251799031789,mock,1.0,0.8932684830150363,0.16291152425184674,0.3373429243014521,0.07953399123012135,0.7128022279797697
cap0,random,10,0,10,False,,mock,0.25,0.6038633237457803,2.00257121660732,0.3938256830098796,0.4756237878413628,0.6736924910191399
cap0,random,10,1,10,False,,mock,0.2777777777777778,0.6425486044692343,1.2809738307481782,0.39979142307946874,0.5812235139541628,0.7266821723390784
cap0,random,10,2,10,False,,mock,0.2222222222222222,0.5651780430223261,2.9991099384926416,0.31404447523031265,0.3648972631874383,0.7246504527703717
cap0,random,20,0,20,True,0.17728518157284612,mock,0.3888888888888889,0.6666323677247781,1.0305795454447315,0.34858910021860606,0.297557945374606,0.7385124017419995
cap0,random,20,1,20,True,0.15372725287219333,mock,0.4166666666666667,0.7199191659161427,1.1677379159773231,0.35245602738544607,0.26923407322117177,0.7074987967691999
cap0,random,20,2,20,True,0.14176480812485787,mock,0.4444444444444444,0.7586044466395969,1.2475591983897703,0.33971781292712866,0.2849044983240742,0.7197593835400857
cap0,random,40,0,40,True,0.08395234159881731,mock,0.5833333333333334,0.7839680278152101,0.8161022835404246,0.35083177183302383,0.1600624254223584,0.7123729826280639
cap0,random,40,1,40,True,0.09827093828207234,mock,0.5555555555555556,0.7759820103490839,0.7780778876368073,0.3391613213026804,0.1465045959983435,0.7196004512714942
cap0,random,40,2,40,True,0.07680974741357471,mock,0.6111111111111112,0.7942471760546903,0.9730035418368228,0.32202738946392023,0.1361585068036606,0.7330627045400455
cap0,random,80,0,80,True,0.027146021265768688,mock,0.8333333333333334,0.8287396657718686,0.6139296802679539,0.33415835930882515,0.07927607530792129,0.7272633985177215
cap0,random,80,1,80,True,0.062323252036059096,mock,0.75,0.8179324880843102,0.48029679046338813,0.3293602580016738,0.07618412516309585,0.7360095646480668
cap0,random,80,2,80,True,0.03798792588653181,mock,0.75,0.7858235928924773,0.6702263871688476,0.2908065940664093,0.07105011291152835,0.7640152345704663
cap0,sharpness,10,0,10,False,,mock,0.05555555555555555,0.18780748157541777,6.170191477237417,0.016223176740050447,0.012554869993574346,1.0239763264856088
cap0,sharpness,10,1,10,False,,mock,0.05555555555555555,0.18780748157541777,6.170191477237417,0.016223176740050447,0.012554869993574346,1.0239763264856088
cap0,sharpness,10,2,10,False,,mock,0.05555555555555555,0.18780748157541777,6.170191477237417,0.016223176740050447,0.012554869993574346,1.0239763264856088
cap0,sharpness,20,0,20,False,,mock,0.05555555555555555,0.1934264036172708,6.170191477237417,0.018510687387245598,0.005947043681166796,1.0120392141913779
cap0,sharpness,20,1,20,False,,mock,0.05555555555555555,0.1934264036172708,6.170191477237417,0.018510687387245598,0.005947043681166796,1.0120392141913779
cap0,sharpness,20,2,20,False,,mock,0.05555555555555555,0.1934264036172708,6.170191477237417,0.018510687387245598,0.005947043681166796,1.0120392141913779
cap0,sharpness,40,0,40,False,,mock,0.05555555555555555,0.19202879223796143,6.06494658329777,0.021070586661753522,0.005595864714918353,0.9971198720057313
cap0,sharpness,40,1,40,False,,mock,0.05555555555555555,0.19202879223796143,6.06494658329777,0.021070586661753522,0.005595864714918353,0.9971198720057313
cap0,sharpness,40,2,40,False,,mock,0.05555555555555555,0.19202879223796143,6.06494658329777,0.021070586661753522,0.005595864714918353,0.9971198720057313
cap0,sharpness,80,0,80,False,,mock,0.05555555555555555,0.19202879223796143,6.02839760362548,0.02181030112374276,0.0032251608044823483,0.9750206516355007
cap0,sharpness,80,1,80,False,,mock,0.05555555555555555,0.19202879223796143,6.02839760362548,0.02181030112374276,0.0032251608044823483,0.9750206516355007
cap0,sharpness,80,2,80,False,,mock,0.05555555555555555,0.19202879223796143,6.02839760362548,0.02181030112374276,0.0032251608044823483,0.9750206516355007
cap0,coverage,10,0,10,False,,mock,0.2777777777777778,0.6425486044692343,0.7913532423992531,0.41866021057286446,0.6103047794871038,0.640996166618638
cap0,coverage,10,1,10,False,,mock,0.2777777777777778,0.6425486044692343,0.7917051279359253,0.4199554278317973,0.6101644643604067,0.6292833313027655
cap0,coverage,10,2,10,False,,mock,0.2777777777777778,0.6425486044692343,0.7913532423992531,0.41479369177663467,0.6103047794871038,0.6703702930760149
cap0,coverage,20,0,20,True,0.10850267274628396,mock,0.5555555555555556,0.8359750080865052,0.3944932857830823,0.4004626150569812,0.3103359995588061,0.626660760619828
cap0,coverage,20,1,20,True,0.09754966010747589,mock,0.5555555555555556,0.8359750080865052,0.3963564197241496,0.3984689608409299,0.3103577097699885,0.6302159519190693
cap0,coverage,20,2,20,True,0.12120887721999785,mock,0.5555555555555556,0.8359750080865052,0.3978576250976875,0.395004811915929,0.31033599955880614,0.6511866329513822
cap0,coverage,40,0,40,True,0.030399030017404495,mock,1.0,0.990716130980322,0.2013805325396163,0.38960968877404967,0.1564076519249727,0.6251496724384511
cap0,coverage,40,1,40,True,0.035821976635154094,mock,1.0,0.990716130980322,0.20424196881526657,0.3927959170965475,0.1564063974582509,0.6253413014871969
cap0,coverage,40,2,40,True,0.04611450369187205,mock,1.0,0.990716130980322,0.20323895903040823,0.3873652786536853,0.1564076519249727,0.6217035543188368
cap0,coverage,80,0,80,True,0.043313848052341425,mock,1.0,0.9797649928793891,0.1069669770776871,0.38677609411195796,0.07850238261438938,0.641957706481331
cap0,coverage,80,1,80,True,0.022327920413764087,mock,1.0,0.9827754632863321,0.10243733033848157,0.3874314425361578,0.07850238261438938,0.6285602554568042
cap0,coverage,80,2,80,True,0.03833472515583318,mock,1.0,0.9815901825628779,0.10504643018505488,0.3865566805708153,0.07850238261438938,0.6427260321763676
cap0,coverage_fps,10,0,10,False,,mock,0.2777777777777778,0.6425486044692343,0.7888799775750943,0.4175005944329455,0.6105616229904426,0.6449943746862168
cap0,coverage_fps,10,1,10,False,,mock,0.2777777777777778,0.6425486044692343,0.7878471891107077,0.4140884316851437,0.6109342885282596,0.5778522022366245
cap0,coverage_fps,10,2,10,False,,mock,0.2777777777777778,0.6425486044692343,0.7907789122040674,0.4083900008310967,0.610267377219502,0.6345175343549955
cap0,coverage_fps,20,0,20,True,0.10768555028505228,mock,0.5555555555555556,0.8359750080865052,0.398946061510276,0.3995084919852682,0.31034142860486696,0.6451639876431197
cap0,coverage_fps,20,1,20,True,0.11476375202163497,mock,0.5555555555555556,0.8359750080865052,0.4012284293076036,0.4037963484330398,0.3103739819778183,0.607316036899304
cap0,coverage_fps,20,2,20,True,0.1012326741361537,mock,0.5555555555555556,0.8359750080865052,0.40039585811110445,0.4065146152849156,0.3103381712967075,0.6457258238931408
cap0,coverage_fps,40,0,40,True,0.04377982902996687,mock,0.8888888888888888,0.9520308502568677,0.20424196881526657,0.39316989991185985,0.15640639745825088,0.625143558141873
cap0,coverage_fps,40,1,40,True,0.03258707987631257,mock,0.9444444444444444,0.9713734906185949,0.2074007604760678,0.39059701300860794,0.15640765192497272,0.6174634296208035
cap0,coverage_fps,40,2,40,True,0.041824923527489566,mock,0.9444444444444444,0.9713734906185949,0.20153855141410415,0.39160884393395906,0.15640689927254667,0.6320142084429063
cap0,coverage_fps,80,0,80,True,0.0410265245459092,mock,1.0,0.9857859336932749,0.10504643018505355,0.3879920881316938,0.07850238261438938,0.6329636625978967
cap0,coverage_fps,80,1,80,True,0.036459284315462935,mock,1.0,0.9869712144167292,0.1063303916725582,0.3889481957101007,0.07850238261438938,0.636978903406798
cap0,coverage_fps,80,2,80,True,0.027621433104206197,mock,1.0,0.9839607440097861,0.10374855267559746,0.3865708866750398,0.07850235507861272,0.6496762906820216
cap1,uniform,10,0,10,False,,mock,0.25,0.6038633237457803,1.31196599295399,0.3878362235577478,0.6981317007977318,0.6626997141643125
cap1,uniform,10,1,10,False,,mock,0.25,0.6038633237457803,1.31196599295399,0.3878362235577478,0.6981317007977318,0.6626997141643125
cap1,uniform,10,2,10,False,,mock,0.25,0.6038633237457803,1.31196599295399,0.3878362235577478,0.6981317007977318,0.6626997141643125
cap1,uniform,20,0,20,True,0.16603050971095556,mock,0.4166666666666667,0.7246602888099593,0.6461100477117538,0.35625678093451824,0.3306939635357677,0.6711367036808447
cap1,uniform,20,1,20,True,0.16603050971095556,mock,0.4166666666666667,0.7246602888099593,0.6461100477117538,0.35625678093451824,0.3306939635357677,0.6711367036808447
cap1,uniform,20,2,20,True,0.16603050971095556,mock,0.4166666666666667,0.7246602888099593,0.6461100477117538,0.35625678093451824,0.3306939635357677,0.6711367036808447
cap1,uniform,40,0,40,True,0.06544149035929805,mock,0.75,0.8503874511611856,0.3212473377822261,0.34492512794356883,0.16110731556870733,0.7159485880631314
cap1,uniform,40,1,40,True,0.06544149035929805,mock,0.75,0.8503874511611856,0.3212473377822261,0.34492512794356883,0.16110731556870733,0.7159485880631314
cap1,uniform,40,2,40,True,0.06544149035929805,mock,0.75,0.8503874511611856,0.3212473377822261,0.34492512794356883,0.16110731556870733,0.7159485880631314
cap1,uniform,80,0,80,True,0.017099945282395,mock,1.0,0.8932684830150363,0.16291152425184674,0.3379501469361436,0.07953399123012135,0.721306920395447
cap1,uniform,80,1,80,True,0.017099945282395,mock,1.0,0.8932684830150363,0.16291152425184674,0.3379501469361436,0.07953399123012135,0.721306920395447
cap1,uniform,80,2,80,True,0.017099945282395,mock,1.0,0.8932684830150363,0.16291152425184674,0.3379501469361436,0.07953399123012135,0.721306920395447
cap1,random,10,0,10,False,,mock,0.25,0.6038633237457803,2.00257121660732,0.39171895028856796,0.4756237878413628,0.7003770724213867
cap1,random,10,1,10,False,,mock,0.2777777777777778,0.6425486044692343,1.2809738307481782,0.39664296031849733,0.5812235139541628,0.7093536362644774
cap1,random,10,2,10,False,,mock,0.2222222222222222,0.5651780430223261,2.9991099384926416,0.3034186614466714,0.3648972631874383,0.7460409230066805
cap1,random,20,0,20,True,0.17662501972576247,mock,0.3888888888888889,0.6666323677247781,1.0305795454447315,0.34616075378641437,0.297557945374606,0.751715638683671
cap1,random,20,1,20,True,0.1529969575344381,mock,0.4166666666666667,0.7199191659161427,1.1677379159773231,0.35317702405264195,0.26923407322117177,0.7221047035243038
cap1,random,20,2,20,True,0.14178263201754182,mock,0.4444444444444444,0.7586044466395969,1.2475591983897703,0.3336578565553581,0.2849044983240742,0.7194029056864065
cap1,random,40,0,40,True,0.0839178518601133,mock,0.5833333333333334,0.7839680278152101,0.8161022835404246,0.349214135901763,0.1600624254223584,0.7130627774021449
cap1,random,40,1,40,True,0.09830850998950968,mock,0.5555555555555556,0.7759820103490839,0.7780778876368073,0.34134529181618023,0.1465045959983435,0.7188490171227482
cap1,random,40,2,40,True,0.07725050694428778,mock,0.6111111111111112,0.7942471760546903,0.9730035418368228,0.32366936753754233,0.1361585068036606,0.7242475139257857
cap1,random,80,0,80,True,0.026982023221376772,mock,0.8333333333333334,0.8287396657718686,0.6139296802679539,0.3342771989891972,0.07927607530792129,0.7305433594055623
cap1,random,80,1,80,True,0.06245725085639411,mock,0.75,0.8179324880843102,0.48029679046338813,0.3313186552545337,0.07618412516309585,0.7333295882413668
cap1,random,80,2,80,True,0.03809140047116798,mock,0.75,0.7858235928924773,0.6702263871688476,0.2896186666881426,0.07105011291152835,0.7619457428777417
cap1,sharpness,10,0,10,False,,mock,0.05555555555555555,0.18780748157541777,6.231721789120864,0.015382185538591608,0.005718168673191403,1.0272637935305569
cap1,sharpness,10,1,10,False,,mock,0.05555555555555555,0.18780748157541777,6.231721789120864,0.015382185538591608,0.005718168673191403,1.0272637935305569
cap1,sharpness,10,2,10,False,,mock,0.05555555555555555,0.18780748157541777,6.231721789120864,0.015382185538591608,0.005718168673191403,1.0272637935305569
cap1,sharpness,20,0,20,False,,mock,0.05555555555555555,0.18780748157541777,6.187113012035501,0.019808241702778357,0.005056436586530819,1.010906361707138
cap1,sharpness,20,1,20,False,,mock,0.05555555555555555,0.18780748157541777,6.187113012035501,0.019808241702778357,0.005056436586530819,1.010906361707138
cap1,sharpness,20,2,20,False,,mock,0.05555555555555555,0.18780748157541777,6.187113012035501,0.019808241702778357,0.005056436586530819,1.010906361707138
cap1,sharpness,40,0,40,False,,mock,0.05555555555555555,0.1934264036172708,6.114877527522717,0.01983746386335205,0.00431558409376589,0.9918359506311898
cap1,sharpness,40,1,40,False,,mock,0.05555555555555555,0.1934264036172708,6.114877527522717,0.01983746386335205,0.00431558409376589,0.9918359506311898
cap1,sharpness,40,2,40,False,,mock,0.05555555555555555,0.1934264036172708,6.114877527522717,0.01983746386335205,0.00431558409376589,0.9918359506311898
cap1,sharpness,80,0,80,False,,mock,0.05555555555555555,0.19124057080376772,6.114877527522717,0.021000385593753383,0.00213047822350468,0.971318791909827
cap1,sharpness,80,1,80,False,,mock,0.05555555555555555,0.19124057080376772,6.114877527522717,0.021000385593753383,0.00213047822350468,0.971318791909827
cap1,sharpness,80,2,80,False,,mock,0.05555555555555555,0.19124057080376772,6.114877527522717,0.021000385593753383,0.00213047822350468,0.971318791909827
cap1,coverage,10,0,10,False,,mock,0.2777777777777778,0.6425486044692343,0.7913532423992531,0.4119164132085431,0.6103047794871038,0.6168236941196189
cap1,coverage,10,1,10,False,,mock,0.2777777777777778,0.6425486044692343,0.7917051279359253,0.4170334792598333,0.6101644643604067,0.6194454179806557
cap1,coverage,10,2,10,False,,mock,0.2777777777777778,0.6425486044692343,0.7913532423992531,0.4074328853767063,0.6103047794871038,0.6353804245781223
cap1,coverage,20,0,20,True,0.10879528266091165,mock,0.5555555555555556,0.8359750080865052,0.3944932857830823,0.399345206425595,0.3103359995588061,0.6208085623272741
cap1,coverage,20,1,20,True,0.09770091423090718,mock,0.5555555555555556,0.8359750080865052,0.3963564197241496,0.39247058955967773,0.3103577097699885,0.6271908694504426
cap1,coverage,20,2,20,True,0.1216741216325877,mock,0.5555555555555556,0.8359750080865052,0.3978576250976875,0.39735972639389455,0.31033599955880614,0.641881744699585
cap1,coverage,40,0,40,True,0.03056950473335544,mock,1.0,0.990716130980322,0.2013805325396163,0.3906903188517352,0.1564076519249727,0.6217401781194333
cap1,coverage,40,1,40,True,0.03572829648217748,mock,1.0,0.990716130980322,0.20424196881526657,0.3861231363694516,0.1564063974582509,0.627214904546729
cap1,coverage,40,2,40,True,0.04632040413133896,mock,1.0,0.990716130980322,0.20323895903040823,0.39026091684248376,0.1564076519249727,0.6175855455294974
cap1,coverage,80,0,80,True,0.04340780949145741,mock,1.0,0.9797649928793891,0.1069669770776871,0.3895052433330812,0.07850238261438938,0.6400784776990113
cap1,coverage,80,1,80,True,0.02183428825749158,mock,1.0,0.9827754632863321,0.10243733033848157,0.3848888413196157,0.07850238261438938,0.6384328985822528
cap1,coverage,80,2,80,True,0.038417065173254515,mock,1.0,0.9815901825628779,0.10504643018505488,0.3877485494729911,0.07850238261438938,0.641079231827941
cap1,coverage_fps,10,0,10,False,,mock,0.2777777777777778,0.6425486044692343,0.7888799775750943,0.4159874240482137,0.6105616229904426,0.6476429917295535
cap1,coverage_fps,10,1,10,False,,mock,0.2777777777777778,0.6425486044692343,0.7878471891107077,0.4141665796365382,0.6109342885282596,0.5922737195838759
cap1,coverage_fps,10,2,10,False,,mock,0.2777777777777778,0.6425486044692343,0.7907789122040674,0.41665752114655535,0.610267377219502,0.5927561076422385
cap1,coverage_fps,20,0,20,True,0.10724216937405709,mock,0.5555555555555556,0.8359750080865052,0.398946061510276,0.39939298476345664,0.31034142860486696,0.6540316058630238
cap1,coverage_fps,20,1,20,True,0.1147171831151259,mock,0.5555555555555556,0.8359750080865052,0.4012284293076036,0.4047129106473217,0.3103739819778183,0.6082474150294843
cap1,coverage_fps,20,2,20,True,0.10247246440584495,mock,0.5555555555555556,0.8359750080865052,0.40039585811110445,0.4029359739423312,0.3103381712967075,0.6209300184993173
cap1,coverage_fps,40,0,40,True,0.04379935900446502,mock,0.8888888888888888,0.9520308502568677,0.20424196881526657,0.39349715458043233,0.15640639745825088,0.6247529586519097
cap1,coverage_fps,40,1,40,True,0.03240620016816087,mock,0.9444444444444444,0.9713734906185949,0.2074007604760678,0.3878165147298612,0.15640765192497272,0.6210810237838383
cap1,coverage_fps,40,2,40,True,0.042186623899684916,mock,0.9444444444444444,0.9713734906185949,0.20153855141410415,0.3908619225446542,0.15640689927254667,0.6247802009989986
cap1,coverage_fps,80,0,80,True,0.040850379360642106,mock,1.0,0.9857859336932749,0.10504643018505355,0.3876297429294078,0.07850238261438938,0.6364865663032392
cap1,coverage_fps,80,1,80,True,0.03633246632886791,mock,1.0,0.9869712144167292,0.1063303916725582,0.38516065067601574,0.07850238261438938,0.6395152631387004
cap1,coverage_fps,80,2,80,True,0.027967613745284566,mock,1.0,0.9839607440097861,0.10374855267559746,0.38569320468974816,0.07850235507861272,0.6427526778604549
cap2,uniform,10,0,10,False,,mock,0.25,0.6038633237457803,1.31196599295399,0.38963186210889794,0.6981317007977318,0.6432007733348983
cap2,uniform,10,1,10,False,,mock,0.25,0.6038633237457803,1.31196599295399,0.38963186210889794,0.6981317007977318,0.6432007733348983
cap2,uniform,10,2,10,False,,mock,0.25,0.6038633237457803,1.31196599295399,0.38963186210889794,0.6981317007977318,0.6432007733348983
cap2,uniform,20,0,20,True,0.16496065665225357,mock,0.4166666666666667,0.7246602888099593,0.6461100477117538,0.3596917238164401,0.3306939635357677,0.6925337648548833
cap2,uniform,20,1,20,True,0.16496065665225357,mock,0.4166666666666667,0.7246602888099593,0.6461100477117538,0.3596917238164401,0.3306939635357677,0.6925337648548833
cap2,uniform,20,2,20,True,0.16496065665225357,mock,0.4166666666666667,0.7246602888099593,0.6461100477117538,0.3596917238164401,0.3306939635357677,0.6925337648548833
cap2,uniform,40,0,40,True,0.06556589818273714,mock,0.75,0.8503874511611856,0.3212473377822261,0.3435225333127868,0.16110731556870733,0.7134604315943497
cap2,uniform,40,1,40,True,0.06556589818273714,mock,0.75,0.8503874511611856,0.3212473377822261,0.3435225333127868,0.16110731556870733,0.7134604315943497
cap2,uniform,40,2,40,True,0.06556589818273714,mock,0.75,0.8503874511611856,0.3212473377822261,0.3435225333127868,0.16110731556870733,0.7134604315943497
cap2,uniform,80,0,80,True,0.017066794160918632,mock,1.0,0.8932684830150363,0.16291152425184674,0.3360420935131516,0.07953399123012135,0.7219699428249736
cap2,uniform,80,1,80,True,0.017066794160918632,mock,1.0,0.8932684830150363,0.16291152425184674,0.3360420935131516,0.07953399123012135,0.7219699428249736
cap2,uniform,80,2,80,True,0.017066794160918632,mock,1.0,0.8932684830150363,0.16291152425184674,0.3360420935131516,0.07953399123012135,0.7219699428249736
cap2,random,10,0,10,False,,mock,0.25,0.6038633237457803,2.00257121660732,0.3866869957047923,0.4756237878413628,0.6669766812690223
cap2,random,10,1,10,False,,mock,0.2777777777777778,0.6425486044692343,1.2809738307481782,0.3911864713077019,0.5812235139541628,0.707701304611051
cap2,random,10,2,10,False,,mock,0.2222222222222222,0.5651780430223261,2.9991099384926416,0.3091816871466016,0.3648972631874383,0.7446335359593345
cap2,random,20,0,20,True,0.17757283869033655,mock,0.3888888888888889,0.6666323677247781,1.0305795454447315,0.3428722703933739,0.297557945374606,0.7327592593921896
cap2,random,20,1,20,True,0.15319846888470684,mock,0.4166666666666667,0.7199191659161427,1.1677379159773231,0.35058150332052945,0.26923407322117177,0.7180744765189317
cap2,random,20,2,20,True,0.14152088357454684,mock,0.4444444444444444,0.7586044466395969,1.2475591983897703,0.34052376731281875,0.2849044983240742,0.7246378745463055
cap2,random,40,0,40,True,0.0841467341811517,mock,0.5833333333333334,0.7839680278152101,0.8161022835404246,0.34708081539313257,0.1600624254223584,0.7084851309813752
cap2,random,40,1,40,True,0.09837263265368479,mock,0.5555555555555556,0.7759820103490839,0.7780778876368073,0.3382493214772668,0.1465045959983435,0.717566563839245
cap2,random,40,2,40,True,0.07693187043624022,mock,0.6111111111111112,0.7942471760546903,0.9730035418368228,0.3208668459436823,0.1361585068036606,0.7306202440867369
cap2,random,80,0,80,True,0.027372815407650762,mock,0.8333333333333334,0.8287396657718686,0.6139296802679539,0.33075627593445484,0.07927607530792129,0.7227275156800799
cap2,random,80,1,80,True,0.06266069209040413,mock,0.75,0.8179324880843102,0.48029679046338813,0.32903995892424115,0.07618412516309585,0.7292607635611665
cap2,random,80,2,80,True,0.037623735199297556,mock,0.75,0.7858235928924773,0.6702263871688476,0.28898570959305125,0.07105011291152835,0.7712990483151512
cap2,sharpness,10,0,10,False,,mock,0.05555555555555555,0.18780748157541777,6.227463245602591,0.01673619213354411,0.006191340175221802,1.0367445714500716
cap2,sharpness,10,1,10,False,,mock,0.05555555555555555,0.18780748157541777,6.227463245602591,0.01673619213354411,0.006191340175221802,1.0367445714500716
cap2,sharpness,10,2,10,False,,mock,0.05555555555555555,0.18780748157541777,6.227463245602591,0.01673619213354411,0.006191340175221802,1.0367445714500716
cap2,sharpness,20,0,20,False,,mock,0.05555555555555555,0.1934264036172708,6.1353887597172925,0.01917440133025692,0.007778765655910221,1.0197084727963854
cap2,sharpness,20,1,20,False,,mock,0.05555555555555555,0.1934264036172708,6.1353887597172925,0.01917440133025692,0.007778765655910221,1.0197084727963854
cap2,sharpness,20,2,20,False,,mock,0.05555555555555555,0.1934264036172708,6.1353887597172925,0.01917440133025692,0.007778765655910221,1.0197084727963854
cap2,sharpness,40,0,40,False,,mock,0.05555555555555555,0.19202879223796143,6.1233135663052405,0.02018393284121798,0.004099275407034506,1.0020577399290054
cap2,sharpness,40,1,40,False,,mock,0.05555555555555555,0.19202879223796143,6.1233135663052405,0.02018393284121798,0.004099275407034506,1.0020577399290054
cap2,sharpness,40,2,40,False,,mock,0.05555555555555555,0.19202879223796143,6.1233135663052405,0.02018393284121798,0.004099275407034506,1.0020577399290054
cap2,sharpness,80,0,80,False,,mock,0.05555555555555555,0.19124057080376772,6.057962868655579,0.02112395786472513,0.002850916943341871,0.9768219482453702
cap2,sharpness,80,1,80,False,,mock,0.05555555555555555,0.19124057080376772,6.057962868655579,0.02112395786472513,0.002850916943341871,0.9768219482453702
cap2,sharpness,80,2,80,False,,mock,0.05555555555555555,0.19124057080376772,6.057962868655579,0.02112395786472513,0.002850916943341871,0.9768219482453702
cap2,coverage,10,0,10,False,,mock,0.2777777777777778,0.6425486044692343,0.7913532423992531,0.42305116996682224,0.6103047794871038,0.6372051812074147
cap2,coverage,10,1,10,False,,mock,0.2777777777777778,0.6425486044692343,0.7917051279359253,0.41805974853306077,0.6101644643604067,0.6185789952633138
cap2,coverage,10,2,10,False,,mock,0.2777777777777778,0.6425486044692343,0.7913532423992531,0.4140385746330906,0.6103047794871038,0.6665515448913208
cap2,coverage,20,0,20,True,0.10823000625512397,mock,0.5555555555555556,0.8359750080865052,0.3944932857830823,0.3994253133806476,0.3103359995588061,0.6321140904430271
cap2,coverage,20,1,20,True,0.09849979305175935,mock,0.5555555555555556,0.8359750080865052,0.3963564197241496,0.39509781211075684,0.3103577097699885,0.6112132930333998
cap2,coverage,20,2,20,True,0.12072683665263775,mock,0.5555555555555556,0.8359750080865052,0.3978576250976875,0.3982822159830696,0.31033599955880614,0.6608274442985869
cap2,coverage,40,0,40,True,0.03000782597546646,mock,1.0,0.990716130980322,0.2013805325396163,0.3909038724214143,0.1564076519249727,0.6329737532772113
cap2,coverage,40,1,40,True,0.03627981152566841,mock,1.0,0.990716130980322,0.20424196881526657,0.3879800767550851,0.1564063974582509,0.6161846036769101
cap2,coverage,40,2,40,True,0.045377963679143804,mock,1.0,0.990716130980322,0.20323895903040823,0.39093080242474115,0.1564076519249727,0.6364343545734006
cap2,coverage,80,0,80,True,0.043150222043346995,mock,1.0,0.9797649928793891,0.1069669770776871,0.38600684091707654,0.07850238261438938,0.6452302266612182
cap2,coverage,80,1,80,True,0.022375441293913917,mock,1.0,0.9827754632863321,0.10243733033848157,0.3858526542318953,0.07850238261438938,0.6276098378538074
cap2,coverage,80,2,80,True,0.0377684711031618,mock,1.0,0.9815901825628779,0.10504643018505488,0.38582627465700453,0.07850238261438938,0.6540511132297953
cap2,coverage_fps,10,0,10,False,,mock,0.2777777777777778,0.6425486044692343,0.7888799775750943,0.409222140768082,0.6105616229904426,0.6281989291840171
cap2,coverage_fps,10,1,10,False,,mock,0.2777777777777778,0.6425486044692343,0.7878471891107077,0.4203196043273643,0.6109342885282596,0.5635010459853236
cap2,coverage_fps,10,2,10,False,,mock,0.2777777777777778,0.6425486044692343,0.7907789122040674,0.4064843457192727,0.610267377219502,0.6147531511729145
cap2,coverage_fps,20,0,20,True,0.10794558374593,mock,0.5555555555555556,0.8359750080865052,0.398946061510276,0.3973175491254513,0.31034142860486696,0.6399633184255655
cap2,coverage_fps,20,1,20,True,0.11519236809380079,mock,0.5555555555555556,0.8359750080865052,0.4012284293076036,0.4048930061797799,0.3103739819778183,0.5987437154559865
cap2,coverage_fps,20,2,20,True,0.10218132480934165,mock,0.5555555555555556,0.8359750080865052,0.40039585811110445,0.3988078945662745,0.3103381712967075,0.6267528104293826
cap2,coverage_fps,40,0,40,True,0.0443840690570083,mock,0.8888888888888888,0.9520308502568677,0.20424196881526657,0.38906294845901285,0.15640639745825088,0.6130587576010453
cap2,coverage_fps,40,1,40,True,0.03296686143569583,mock,0.9444444444444444,0.9713734906185949,0.2074007604760678,0.38975225971135163,0.15640765192497272,0.6098677984331393
cap2,coverage_fps,40,2,40,True,0.04236615691204411,mock,0.9444444444444444,0.9713734906185949,0.20153855141410415,0.38765653933545025,0.15640689927254667,0.6211895407518138
cap2,coverage_fps,80,0,80,True,0.04092311016429705,mock,1.0,0.9857859336932749,0.10504643018505355,0.3857322518637932,0.07850238261438938,0.6350319502301398
cap2,coverage_fps,80,1,80,True,0.03686392082750223,mock,1.0,0.9869712144167292,0.1063303916725582,0.3864307636428918,0.07850238261438938,0.6288861731660134
cap2,coverage_fps,80,2,80,True,0.027918246538781062,mock,1.0,0.9839607440097861,0.10374855267559746,0.3853256976576391,0.07850235507861272,0.6437400219905245
cap3,uniform,10,0,10,False,,mock,0.25,0.6038633237457803,1.31196599295399,0.389154036199063,0.6981317007977318,0.6843990416979827
cap3,uniform,10,1,10,False,,mock,0.25,0.6038633237457803,1.31196599295399,0.389154036199063,0.6981317007977318,0.6843990416979827
cap3,uniform,10,2,10,False,,mock,0.25,0.6038633237457803,1.31196599295399,0.389154036199063,0.6981317007977318,0.6843990416979827
cap3,uniform,20,0,20,True,0.1635516792468315,mock,0.4166666666666667,0.7246602888099593,0.6461100477117538,0.35957759361921987,0.3306939635357677,0.7207133129633267
cap3,uniform,20,1,20,True,0.1635516792468315,mock,0.4166666666666667,0.7246602888099593,0.6461100477117538,0.35957759361921987,0.3306939635357677,0.7207133129633267
cap3,uniform,20,2,20,True,0.1635516792468315,mock,0.4166666666666667,0.7246602888099593,0.6461100477117538,0.35957759361921987,0.3306939635357677,0.7207133129633267
cap3,uniform,40,0,40,True,0.06504078252129515,mock,0.75,0.8503874511611856,0.3212473377822261,0.3448538497323755,0.16110731556870733,0.7239627448231871
cap3,uniform,40,1,40,True,0.06504078252129515,mock,0.75,0.8503874511611856,0.3212473377822261,0.3448538497323755,0.16110731556870733,0.7239627448231871
cap3,uniform,40,2,40,True,0.06504078252129515,mock,0.75,0.8503874511611856,0.3212473377822261,0.3448538497323755,0.16110731556870733,0.7239627448231871
cap3,uniform,80,0,80,True,0.01682839597901435,mock,1.0,0.8932684830150363,0.16291152425184674,0.33633898995273087,0.07953399123012135,0.7267379064630592
cap3,uniform,80,1,80,True,0.01682839597901435,mock,1.0,0.8932684830150363,0.16291152425184674,0.33633898995273087,0.07953399123012135,0.7267379064630592
cap3,uniform,80,2,80,True,0.01682839597901435,mock,1.0,0.8932684830150363,0.16291152425184674,0.33633898995273087,0.07953399123012135,0.7267379064630592
cap3,random,10,0,10,False,,mock,0.25,0.6038633237457803,2.00257121660732,0.39565336941933776,0.4756237878413628,0.7086705868483205
cap3,random,10,1,10,False,,mock,0.2777777777777778,0.6425486044692343,1.2809738307481782,0.39443077663110526,0.5812235139541628,0.6924829123989455
cap3,random,10,2,10,False,,mock,0.2222222222222222,0.5651780430223261,2.9991099384926416,0.3063492933935411,0.3648972631874383,0.756400229462945
cap3,random,20,0,20,True,0.1764843620735817,mock,0.3888888888888889,0.6666323677247781,1.0305795454447315,0.3408952333231512,0.297557945374606,0.7545287917272867
cap3,random,20,1,20,True,0.15275139828085255,mock,0.4166666666666667,0.7199191659161427,1.1677379159773231,0.3565742647046679,0.26923407322117177,0.727015888596017
cap3,random,20,2,20,True,0.14105381887774815,mock,0.4444444444444444,0.7586044466395969,1.2475591983897703,0.3343297011747227,0.2849044983240742,0.733979168482281
cap3,random,40,0,40,True,0.0839923694087007,mock,0.5833333333333334,0.7839680278152101,0.8161022835404246,0.3498106487744566,0.1600624254223584,0.7115724264303964
cap3,random,40,1,40,True,0.09790942242005399,mock,0.5555555555555556,0.7759820103490839,0.7780778876368073,0.3370915915525617,0.1465045959983435,0.7268307685118607
cap3,random,40,2,40,True,0.07706999280561978,mock,0.6111111111111112,0.7942471760546903,0.9730035418368228,0.319065721319883,0.1361585068036606,0.7278577966991444
cap3,random,80,0,80,True,0.027233967337949954,mock,0.8333333333333334,0.8287396657718686,0.6139296802679539,0.3348305143501195,0.07927607530792129,0.7255044770740969
cap3,random,80,1,80,True,0.06227875840549056,mock,0.75,0.8179324880843102,0.48029679046338813,0.3285788872673821,0.07618412516309585,0.7368994372594365
cap3,random,80,2,80,True,0.03802301737818341,mock,0.75,0.7858235928924773,0.6702263871688476,0.2911199484669509,0.07105011291152835,0.7633134047374326
cap3,sharpness,10,0,10,False,,mock,0.05555555555555555,0.13963995506433033,6.212903658904427,0.018833012335276397,0.007809072030573165,1.0360232448078075
cap3,sharpness,10,1,10,False,,mock,0.05555555555555555,0.13963995506433033,6.212903658904427,0.018833012335276397,0.007809072030573165,1.0360232448078075
cap3,sharpness,10,2,10,False,,mock,0.05555555555555555,0.13963995506433033,6.212903658904427,0.018833012335276397,0.007809072030573165,1.0360232448078075
cap3,sharpness,20,0,20,False,,mock,0.05555555555555555,0.18780748157541777,6.163913896744933,0.024317051241251407,0.006277442654455366,1.0225598542708325
cap3,sharpness,20,1,20,False,,mock,0.05555555555555555,0.18780748157541777,6.163913896744933,0.024317051241251407,0.006277442654455366,1.0225598542708325
cap3,sharpness,20,2,20,False,,mock,0.05555555555555555,0.18780748157541777,6.163913896744933,0.024317051241251407,0.006277442654455366,1.0225598542708325
cap3,sharpness,40,0,40,False,,mock,0.05555555555555555,0.19027515144779655,6.152891780159555,0.020935906583127297,0.003340859667180286,1.005439970224302
cap3,sharpness,40,1,40,False,,mock,0.05555555555555555,0.19027515144779655,6.152891780159555,0.020935906583127297,0.003340859667180286,1.005439970224302
cap3,sharpness,40,2,40,False,,mock,0.05555555555555555,0.19027515144779655,6.152891780159555,0.020935906583127297,0.003340859667180286,1.005439970224302
cap3,sharpness,80,0,80,False,,mock,0.05555555555555555,0.19307743898883098,6.086241914089532,0.01967075365586673,0.002492954342912075,0.9813291969190043
cap3,sharpness,80,1,80,False,,mock,0.05555555555555555,0.19307743898883098,6.086241914089532,0.01967075365586673,0.002492954342912075,0.9813291969190043
cap3,sharpness,80,2,80,False,,mock,0.05555555555555555,0.19307743898883098,6.086241914089532,0.01967075365586673,0.002492954342912075,0.9813291969190043
cap3,coverage,10,0,10,False,,mock,0.2777777777777778,0.6425486044692343,0.7913532423992531,0.4148051251874095,0.6103047794871038,0.6270079296696196
cap3,coverage,10,1,10,False,,mock,0.2777777777777778,0.6425486044692343,0.7917051279359253,0.4176836846049597,0.6101644643604067,0.605067139827596
cap3,coverage,10,2,10,False,,mock,0.2777777777777778,0.6425486044692343,0.7913532423992531,0.4127672997433427,0.6103047794871038,0.6490881378418653
cap3,coverage,20,0,20,True,0.108686521697587,mock,0.5555555555555556,0.8359750080865052,0.3944932857830823,0.3957112777028533,0.3103359995588061,0.6229837815937681
cap3,coverage,20,1,20,True,0.09889843526710076,mock,0.5555555555555556,0.8359750080865052,0.3963564197241496,0.39092448646261824,0.3103577097699885,0.6032404487265715
cap3,coverage,20,2,20,True,0.12118970081308109,mock,0.5555555555555556,0.8359750080865052,0.3978576250976875,0.39946169828125,0.31033599955880614,0.6515701610897174
cap3,coverage,40,0,40,True,0.030278717643600347,mock,1.0,0.990716130980322,0.2013805325396163,0.38761324792669993,0.1564076519249727,0.6275559199145342
cap3,coverage,40,1,40,True,0.03600970261427409,mock,1.0,0.990716130980322,0.20424196881526657,0.3873960443063678,0.1564063974582509,0.6215867819047967
cap3,coverage,40,2,40,True,0.045954052681915616,mock,1.0,0.990716130980322,0.20323895903040823,0.3886393808812457,0.1564076519249727,0.6249125745179651
cap3,coverage,80,0,80,True,0.04290191031895124,mock,1.0,0.9797649928793891,0.1069669770776871,0.3864040886071731,0.07850238261438938,0.6501964611491349
cap3,coverage,80,1,80,True,0.02221409719500561,mock,1.0,0.9827754632863321,0.10243733033848157,0.3849045128381236,0.07850238261438938,0.6308367198319733
cap3,coverage,80,2,80,True,0.03803360242418838,mock,1.0,0.9815901825628779,0.10504643018505488,0.3852689245171671,0.07850238261438938,0.6487484868092628
cap3,coverage_fps,10,0,10,False,,mock,0.2777777777777778,0.6425486044692343,0.7888799775750943,0.413806606230501,0.6105616229904426,0.6536446555127918
cap3,coverage_fps,10,1,10,False,,mock,0.2777777777777778,0.6425486044692343,0.7878471891107077,0.41048388412913106,0.6109342885282596,0.5931517887087787
cap3,coverage_fps,10,2,10,False,,mock,0.2777777777777778,0.6425486044692343,0.7907789122040674,0.41127858378663473,0.610267377219502,0.6201433463694471
cap3,coverage_fps,20,0,20,True,0.10762076266596685,mock,0.5555555555555556,0.8359750080865052,0.398946061510276,0.3975065524276268,0.31034142860486696,0.6464597400248281
cap3,coverage_fps,20,1,20,True,0.11430013131006753,mock,0.5555555555555556,0.8359750080865052,0.4012284293076036,0.3983442624881561,0.3103739819778183,0.6165884511306515
cap3,coverage_fps,20,2,20,True,0.10184400692432422,mock,0.5555555555555556,0.8359750080865052,0.40039585811110445,0.40399926963452965,0.3103381712967075,0.6334991681297313
cap3,coverage_fps,40,0,40,True,0.044030891318969145,mock,0.8888888888888888,0.9520308502568677,0.20424196881526657,0.3897657751084736,0.15640639745825088,0.620122312361828
cap3,coverage_fps,40,1,40,True,0.03268103365915748,mock,0.9444444444444444,0.9713734906185949,0.2074007604760678,0.3862187561625432,0.15640765192497272,0.6155843539639054
cap3,coverage_fps,40,2,40,True,0.041935818593738,mock,0.9444444444444444,0.9713734906185949,0.20153855141410415,0.3924794621570206,0.15640689927254667,0.629796307117938
cap3,coverage_fps,80,0,80,True,0.04057535321604317,mock,1.0,0.9857859336932749,0.10504643018505355,0.3869301293029071,0.07850238261438938,0.6419870891952174
cap3,coverage_fps,80,1,80,True,0.03672337169145899,mock,1.0,0.9869712144167292,0.1063303916725582,0.3838957415369432,0.07850238261438938,0.6316971558868782
cap3,coverage_fps,80,2,80,True,0.02778233317405685,mock,1.0,0.9839607440097861,0.10374855267559746,0.38697829480109147,0.07850235507861272,0.6464582892850118
cap4,uniform,10,0,10,False,,mock,0.25,0.6038633237457803,1.31196599295399,0.38028185526363784,0.6981317007977318,0.6765455306198083
cap4,uniform,10,1,10,False,,mock,0.25,0.6038633237457803,1.31196599295399,0.38028185526363784,0.6981317007977318,0.6765455306198083
cap4,uniform,10,2,10,False,,mock,0.25,0.6038633237457803,1.31196599295399,0.38028185526363784,0.6981317007977318,0.6765455306198083
cap4,uniform,20,0,20,True,0.1643664152860628,mock,0.4166666666666667,0.7246602888099593,0.6461100477117538,0.35202988477109837,0.3306939635357677,0.7044185921786998
cap4,uniform,20,1,20,True,0.1643664152860628,mock,0.4166666666666667,0.7246602888099593,0.6461100477117538,0.35202988477109837,0.3306939635357677,0.7044185921786998
cap4,uniform,20,2,20,True,0.1643664152860628,mock,0.4166666666666667,0.7246602888099593,0.6461100477117538,0.35202988477109837,0.3306939635357677,0.7044185921786998
cap4,uniform,40,0,40,True,0.0646319246498507,mock,0.75,0.8503874511611856,0.3212473377822261,0.34706779012249883,0.16110731556870733,0.7321399022520756
cap4,uniform,40,1,40,True,0.0646319246498507,mock,0.75,0.8503874511611856,0.3212473377822261,0.34706779012249883,0.16110731556870733,0.7321399022520756
cap4,uniform,40,2,40,True,0.0646319246498507,mock,0.75,0.8503874511611856,0.3212473377822261,0.34706779012249883,0.16110731556870733,0.7321399022520756
cap4,uniform,80,0,80,True,0.017002398342732546,mock,1.0,0.8932684830150363,0.16291152425184674,0.33580344138670115,0.07953399123012135,0.7232578591886956
cap4,uniform,80,1,80,True,0.017002398342732546,mock,1.0,0.8932684830150363,0.16291152425184674,0.33580344138670115,0.07953399123012135,0.7232578591886956
cap4,uniform,80,2,80,True,0.017002398342732546,mock,1.0,0.8932684830150363,0.16291152425184674,0.33580344138670115,0.07953399123012135,0.7232578591886956
cap4,random,10,0,10,False,,mock,0.25,0.6038633237457803,2.00257121660732,0.38827634383332843,0.4756237878413628,0.7015231982529672
cap4,random,10,1,10,False,,mock,0.2777777777777778,0.6425486044692343,1.2809738307481782,0.3914141861000994,0.5812235139541628,0.7076563059336016
cap4,random,10,2,10,False,,mock,0.2222222222222222,0.5651780430223261,2.9991099384926416,0.3009953679120951,0.3648972631874383,0.7468089946893889
cap4,random,20,0,20,True,0.17749735925047821,mock,0.3888888888888889,0.6666323677247781,1.0305795454447315,0.346319870547421,0.297557945374606,0.734268848189355
cap4,random,20,1,20,True,0.15311322965138857,mock,0.4166666666666667,0.7199191659161427,1.1677379159773231,0.35441036752180516,0.26923407322117177,0.7197792611852969
cap4,random,20,2,20,True,0.1415143109970654,mock,0.4444444444444444,0.7586044466395969,1.2475591983897703,0.3313718849833807,0.2849044983240742,0.724769326095936
cap4,random,40,0,40,True,0.08407023286981877,mock,0.5833333333333334,0.7839680278152101,0.8161022835404246,0.3495439156027581,0.1600624254223584,0.7100151572080333
cap4,random,40,1,40,True,0.09789563777866106,mock,0.5555555555555556,0.7759820103490839,0.7780778876368073,0.3407918463603533,0.1465045959983435,0.7271064613397197
cap4,random,40,2,40,True,0.07655964493958478,mock,0.6111111111111112,0.7942471760546903,0.9730035418368228,0.31913316752867765,0.1361585068036606,0.7380647540198453
cap4,random,80,0,80,True,0.026972036551226406,mock,0.8333333333333334,0.8287396657718686,0.6139296802679539,0.33332234867970834,0.07927607530792129,0.7307430928085695
cap4,random,80,1,80,True,0.0625344291017783,mock,0.75,0.8179324880843102,0.48029679046338813,0.32628772761508484,0.07618412516309585,0.7317860233336828
cap4,random,80,2,80,True,0.0376144073872985,mock,0.75,0.7858235928924773,0.6702263871688476,0.2920727213542301,0.07105011291152835,0.7714856045551315
cap4,sharpness,10,0,10,False,,mock,0.05555555555555555,0.1704649291788235,6.241428623705591,0.019991977591318443,0.004639631497110515,1.0398244690315197
cap4,sharpness,10,1,10,False,,mock,0.05555555555555555,0.1704649291788235,6.241428623705591,0.019991977591318443,0.004639631497110515,1.0398244690315197
cap4,sharpness,10,2,10,False,,mock,0.05555555555555555,0.1704649291788235,6.241428623705591,0.019991977591318443,0.004639631497110515,1.0398244690315197
cap4,sharpness,20,0,20,False,,mock,0.05555555555555555,0.18067342468505898,6.185654916695855,0.023078460353991134,0.005133178446512159,1.0241073069036033
cap4,sharpness,20,1,20,False,,mock,0.05555555555555555,0.18067342468505898,6.185654916695855,0.023078460353991134,0.005133178446512159,1.0241073069036033
cap4,sharpness,20,2,20,False,,mock,0.05555555555555555,0.18067342468505898,6.185654916695855,0.023078460353991134,0.005133178446512159,1.0241073069036033
cap4,sharpness,40,0,40,False,,mock,0.05555555555555555,0.19202879223796143,6.143178502750844,0.021841862939451746,0.003589918062275411,1.0057982890085484
cap4,sharpness,40,1,40,False,,mock,0.05555555555555555,0.19202879223796143,6.143178502750844,0.021841862939451746,0.003589918062275411,1.0057982890085484
cap4,sharpness,40,2,40,False,,mock,0.05555555555555555,0.19202879223796143,6.143178502750844,0.021841862939451746,0.003589918062275411,1.0057982890085484
cap4,sharpness,80,0,80,False,,mock,0.05555555555555555,0.19307743898883098,6.058891350835806,0.022827061036854418,0.00283916400435164,0.981633884205657
cap4,sharpness,80,1,80,False,,mock,0.05555555555555555,0.19307743898883098,6.058891350835806,0.022827061036854418,0.00283916400435164,0.981633884205657
cap4,sharpness,80,2,80,False,,mock,0.05555555555555555,0.19307743898883098,6.058891350835806,0.022827061036854418,0.00283916400435164,0.981633884205657
cap4,coverage,10,0,10,False,,mock,0.2777777777777778,0.6425486044692343,0.7913532423992531,0.423988918964272,0.6103047794871038,0.6336077451566794
cap4,coverage,10,1,10,False,,mock,0.2777777777777778,0.6425486044692343,0.7917051279359253,0.4156148416569597,0.6101644643604067,0.6255080674965308
cap4,coverage,10,2,10,False,,mock,0.2777777777777778,0.6425486044692343,0.7913532423992531,0.4107926171367593,0.6103047794871038,0.6555543539688887
cap4,coverage,20,0,20,True,0.10851816974593648,mock,0.5555555555555556,0.8359750080865052,0.3944932857830823,0.4047893963714262,0.3103359995588061,0.6263508206267789
cap4,coverage,20,1,20,True,0.0973770464810844,mock,0.5555555555555556,0.8359750080865052,0.3963564197241496,0.39183599004631015,0.3103577097699885,0.633668224446901
cap4,coverage,20,2,20,True,0.12100373529492262,mock,0.5555555555555556,0.8359750080865052,0.3978576250976875,0.3983601470895249,0.31033599955880614,0.6552894714528896
cap4,coverage,40,0,40,True,0.03047682916547894,mock,1.0,0.990716130980322,0.2013805325396163,0.3924456172673798,0.1564076519249727,0.6235936894769625
cap4,coverage,40,1,40,True,0.035499469273048805,mock,1.0,0.990716130980322,0.20424196881526657,0.38698977718877753,0.1564063974582509,0.631791448729303
cap4,coverage,40,2,40,True,0.04591818680075137,mock,1.0,0.990716130980322,0.20323895903040823,0.39042161788646945,0.1564076519249727,0.6256298921412498
cap4,coverage,80,0,80,True,0.043220991465390685,mock,1.0,0.9797649928793891,0.1069669770776871,0.3866070809483927,0.07850238261438938,0.6438148382203459
cap4,coverage,80,1,80,True,0.021919920846337728,mock,1.0,0.9827754632863321,0.10243733033848157,0.3853883630085423,0.07850238261438938,0.6367202468053322
cap4,coverage,80,2,80,True,0.038321383539035817,mock,1.0,0.9815901825628779,0.10504643018505488,0.38636733330911943,0.07850238261438938,0.642992864512314
cap4,coverage_fps,10,0,10,False,,mock,0.2777777777777778,0.6425486044692343,0.7888799775750943,0.4115208694479092,0.6105616229904426,0.6427714769411732
cap4,coverage_fps,10,1,10,False,,mock,0.2777777777777778,0.6425486044692343,0.7878471891107077,0.4077002974908549,0.6109342885282596,0.5722942089721137
cap4,coverage_fps,10,2,10,False,,mock,0.2777777777777778,0.6425486044692343,0.7907789122040674,0.4027957299744672,0.610267377219502,0.6072550541021519
cap4,coverage_fps,20,0,20,True,0.10721978307217211,mock,0.5555555555555556,0.8359750080865052,0.398946061510276,0.39456391705809135,0.31034142860486696,0.6544793319007225
cap4,coverage_fps,20,1,20,True,0.11463407553002343,mock,0.5555555555555556,0.8359750080865052,0.4012284293076036,0.3983907252151071,0.3103739819778183,0.6099095667315353
cap4,coverage_fps,20,2,20,True,0.10190303775098755,mock,0.5555555555555556,0.8359750080865052,0.40039585811110445,0.39974743076850183,0.3103381712967075,0.6323185515964652
cap4,coverage_fps,40,0,40,True,0.04325928970191334,mock,0.8888888888888888,0.9520308502568677,0.20424196881526657,0.3878959232478369,0.15640639745825088,0.6355543447029441
cap4,coverage_fps,40,1,40,True,0.032414298957004,mock,0.9444444444444444,0.9713734906185949,0.2074007604760678,0.3859296866067712,0.15640765192497272,0.6209190480069753
cap4,coverage_fps,40,2,40,True,0.042329247199954685,mock,0.9444444444444444,0.9713734906185949,0.20153855141410415,0.3883258976486645,0.15640689927254667,0.6219277349936043
cap4,coverage_fps,80,0,80,True,0.040622097041188944,mock,1.0,0.9857859336932749,0.10504643018505355,0.384546600017903,0.07850238261438938,0.6410522126923033
cap4,coverage_fps,80,1,80,True,0.036459806344612086,mock,1.0,0.9869712144167292,0.1063303916725582,0.3846701834477276,0.07850238261438938,0.6369684628238158
cap4,coverage_fps,80,2,80,True,0.027718043050356085,mock,1.0,0.9839607440097861,0.10374855267559746,0.38460514746188185,0.07850235507861272,0.6477440917590245
cap5,uniform,10,0,10,False,,mock,0.25,0.6038633237457803,1.31196599295399,0.3908456523210643,0.6981317007977318,0.6617433109255584
cap5,uniform,10,1,10,False,,mock,0.25,0.6038633237457803,1.31196599295399,0.3908456523210643,0.6981317007977318,0.6617433109255584
cap5,uniform,10,2,10,False,,mock,0.25,0.6038633237457803,1.31196599295399,0.3908456523210643,0.6981317007977318,0.6617433109255584
cap5,uniform,20,0,20,True,0.16475618516805174,mock,0.4166666666666667,0.7246602888099593,0.6461100477117538,0.3600858190991237,0.3306939635357677,0.6966231945389199
cap5,uniform,20,1,20,True,0.16475618516805174,mock,0.4166666666666667,0.7246602888099593,0.6461100477117538,0.3600858190991237,0.3306939635357677,0.6966231945389199
cap5,uniform,20,2,20,True,0.16475618516805174,mock,0.4166666666666667,0.7246602888099593,0.6461100477117538,0.3600858190991237,0.3306939635357677,0.6966231945389199
cap5,uniform,40,0,40,True,0.06563029681237424,mock,0.75,0.8503874511611856,0.3212473377822261,0.3441677351453094,0.16110731556870733,0.7121724590016075
cap5,uniform,40,1,40,True,0.06563029681237424,mock,0.75,0.8503874511611856,0.3212473377822261,0.3441677351453094,0.16110731556870733,0.7121724590016075
cap5,uniform,40,2,40,True,0.06563029681237424,mock,0.75,0.8503874511611856,0.3212473377822261,0.3441677351453094,0.16110731556870733,0.7121724590016075
cap5,uniform,80,0,80,True,0.01695058323703272,mock,1.0,0.8932684830150363,0.16291152425184674,0.3384516920550022,0.07953399123012135,0.7242941613026932
cap5,uniform,80,1,80,True,0.01695058323703272,mock,1.0,0.8932684830150363,0.16291152425184674,0.3384516920550022,0.07953399123012135,0.7242941613026932
cap5,uniform,80,2,80,True,0.01695058323703272,mock,1.0,0.8932684830150363,0.16291152425184674,0.3384516920550022,0.07953399123012135,0.7242941613026932
cap5,random,10,0,10,False,,mock,0.25,0.6038633237457803,2.00257121660732,0.3922341026134149,0.4756237878413628,0.6900261177269785
cap5,random,10,1,10,False,,mock,0.2777777777777778,0.6425486044692343,1.2809738307481782,0.3902644858666396,0.5812235139541628,0.6987505185746103
cap5,random,10,2,10,False,,mock,0.2222222222222222,0.5651780430223261,2.9991099384926416,0.3146379077281376,0.3648972631874383,0.7704759217932226
cap5,random,20,0,20,True,0.1773978782721549,mock,0.3888888888888889,0.6666323677247781,1.0305795454447315,0.3437568878672882,0.297557945374606,0.736258467755823
cap5,random,20,1,20,True,0.15299506596788362,mock,0.4166666666666667,0.7199191659161427,1.1677379159773231,0.3584163533575453,0.26923407322117177,0.7221425348553955
cap5,random,20,2,20,True,0.14207922534898595,mock,0.4444444444444444,0.7586044466395969,1.2475591983897703,0.33974746183887017,0.2849044983240742,0.7134710390575233
cap5,random,40,0,40,True,0.08389554927271725,mock,0.5833333333333334,0.7839680278152101,0.8161022835404246,0.34772108647550626,0.1600624254223584,0.7135088291500647
cap5,random,40,1,40,True,0.09812780800464682,mock,0.5555555555555556,0.7759820103490839,0.7780778876368073,0.33926904630038207,0.1465045959983435,0.7224630568200047
cap5,random,40,2,40,True,0.07694047531254807,mock,0.6111111111111112,0.7942471760546903,0.9730035418368228,0.3181866186527357,0.1361585068036606,0.7304481465605788
cap5,random,80,0,80,True,0.02704595353169481,mock,0.8333333333333334,0.8287396657718686,0.6139296802679539,0.333706062042534,0.07927607530792129,0.729264753199199
cap5,random,80,1,80,True,0.06265384389729038,mock,0.75,0.8179324880843102,0.48029679046338813,0.328316615715717,0.07618412516309585,0.7293977274234411
cap5,random,80,2,80,True,0.038082981218003395,mock,0.75,0.7858235928924773,0.6702263871688476,0.29052149513401526,0.07105011291152835,0.7621141279410358
cap5,sharpness,10,0,10,False,,mock,0.05555555555555555,0.1704649291788235,6.231721789120864,0.01880407969711576,0.005718168673191403,1.0282775507870803
cap5,sharpness,10,1,10,False,,mock,0.05555555555555555,0.1704649291788235,6.231721789120864,0.01880407969711576,0.005718168673191403,1.0282775507870803
cap5,sharpness,10,2,10,False,,mock,0.05555555555555555,0.1704649291788235,6.231721789120864,0.01880407969711576,0.005718168673191403,1.0282775507870803
cap5,sharpness,20,0,20,False,,mock,0.05555555555555555,0.19202879223796143,6.208938019511917,0.017372080964971497,0.0039077519825088695,1.0142688445158723
cap5,sharpness,20,1,20,False,,mock,0.05555555555555555,0.19202879223796143,6.208938019511917,0.017372080964971497,0.0039077519825088695,1.0142688445158723
cap5,sharpness,20,2,20,False,,mock,0.05555555555555555,0.19202879223796143,6.208938019511917,0.017372080964971497,0.0039077519825088695,1.0142688445158723
cap5,sharpness,40,0,40,False,,mock,0.05555555555555555,0.19307743898883098,6.107817317693029,0.02082626633962892,0.004496615115039939,0.9975587033536858
cap5,sharpness,40,1,40,False,,mock,0.05555555555555555,0.19307743898883098,6.107817317693029,0.02082626633962892,0.004496615115039939,0.9975587033536858
cap5,sharpness,40,2,40,False,,mock,0.05555555555555555,0.19307743898883098,6.107817317693029,0.02082626633962892,0.004496615115039939,0.9975587033536858
cap5,sharpness,80,0,80,False,,mock,0.05555555555555555,0.19124057080376772,6.039670756995012,0.023445423530816103,0.003082462660564235,0.9735029262606503
cap5,sharpness,80,1,80,False,,mock,0.05555555555555555,0.19124057080376772,6.039670756995012,0.023445423530816103,0.003082462660564235,0.9735029262606503
cap5,sharpness,80,2,80,False,,mock,0.05555555555555555,0.19124057080376772,6.039670756995012,0.023445423530816103,0.003082462660564235,0.9735029262606503
cap5,coverage,10,0,10,False,,mock,0.2777777777777778,0.6425486044692343,0.7913532423992531,0.4152061209778989,0.6103047794871038,0.6296485082880656
cap5,coverage,10,1,10,False,,mock,0.2777777777777778,0.6425486044692343,0.7917051279359253,0.4193759896632934,0.6101644643604067,0.6235075386083854
cap5,coverage,10,2,10,False,,mock,0.2777777777777778,0.6425486044692343,0.7913532423992531,0.4077626677747287,0.6103047794871038,0.6551951376893103
cap5,coverage,20,0,20,True,0.10811933633067679,mock,0.5555555555555556,0.8359750080865052,0.3944932857830823,0.39621543991857583,0.3103359995588061,0.6343274889319708
cap5,coverage,20,1,20,True,0.09772025404219992,mock,0.5555555555555556,0.8359750080865052,0.3963564197241496,0.393249403012827,0.3103577097699885,0.6268040732245895
cap5,coverage,20,2,20,True,0.12128711621437656,mock,0.5555555555555556,0.8359750080865052,0.3978576250976875,0.3958570825528918,0.31033599955880614,0.649621853063808
cap5,coverage,40,0,40,True,0.030310767498369418,mock,1.0,0.990716130980322,0.2013805325396163,0.3870414148402089,0.1564076519249727,0.6269149228191533
cap5,coverage,40,1,40,True,0.03566175517904431,mock,1.0,0.990716130980322,0.20424196881526657,0.38885600580027563,0.1564063974582509,0.628545730609391
cap5,coverage,40,2,40,True,0.04573146688363373,mock,1.0,0.990716130980322,0.20323895903040823,0.3858430863058447,0.1564076519249727,0.6293642904836025
cap5,coverage,80,0,80,True,0.04332484494648997,mock,1.0,0.9797649928793891,0.1069669770776871,0.38701456027454467,0.07850238261438938,0.6417377685983594
cap5,coverage,80,1,80,True,0.021685860248193127,mock,1.0,0.9827754632863321,0.10243733033848157,0.3830721293603911,0.07850238261438938,0.6414014587682237
cap5,coverage,80,2,80,True,0.038162584279938655,mock,1.0,0.9815901825628779,0.10504643018505488,0.3857035632829421,0.07850238261438938,0.6461688496942574
cap5,coverage_fps,10,0,10,False,,mock,0.2777777777777778,0.6425486044692343,0.7888799775750943,0.41934700280870746,0.6105616229904426,0.6534801664309626
cap5,coverage_fps,10,1,10,False,,mock,0.2777777777777778,0.6425486044692343,0.7878471891107077,0.40954310822576345,0.6109342885282596,0.5797093173249054
cap5,coverage_fps,10,2,10,False,,mock,0.2777777777777778,0.6425486044692343,0.7907789122040674,0.4133045097889141,0.610267377219502,0.6246832321611293
cap5,coverage_fps,20,0,20,True,0.10749841669322614,mock,0.5555555555555556,0.8359750080865052,0.398946061510276,0.4010277066141607,0.31034142860486696,0.6489066594796411
cap5,coverage_fps,20,1,20,True,0.11529804356545158,mock,0.5555555555555556,0.8359750080865052,0.4012284293076036,0.39943256988094705,0.3103739819778183,0.5966302060229716
cap5,coverage_fps,20,2,20,True,0.10205505326329606,mock,0.5555555555555556,0.8359750080865052,0.40039585811110445,0.39981889125187603,0.3103381712967075,0.6292782413502955
cap5,coverage_fps,40,0,40,True,0.04397143152547308,mock,0.8888888888888888,0.9520308502568677,0.20424196881526657,0.3915544652398329,0.15640639745825088,0.6213115082317507
cap5,coverage_fps,40,1,40,True,0.03302979228252657,mock,0.9444444444444444,0.9713734906185949,0.2074007604760678,0.387623156148131,0.15640765192497272,0.6086091814965258
cap5,coverage_fps,40,2,40,True,0.042260345313701674,mock,0.9444444444444444,0.9713734906185949,0.20153855141410415,0.3873234574451457,0.15640689927254667,0.6233057727186632
cap5,coverage_fps,80,0,80,True,0.04057593197224379,mock,1.0,0.9857859336932749,0.10504643018505355,0.38620613747612087,0.07850238261438938,0.6419755140712052
cap5,coverage_fps,80,1,80,True,0.03663513642241412,mock,1.0,0.9869712144167292,0.1063303916725582,0.3848316172422572,0.07850238261438938,0.6334618612677758
cap5,coverage_fps,80,2,80,True,0.028221731934416273,mock,1.0,0.9839607440097861,0.10374855267559746,0.3850922928864005,0.07850235507861272,0.6376703140778218
