capture,strategy,order,ok,L,W,h
hikmatollah_apt,uniform,temporal,True,3.8423593033024215,3.7507810268030024,2.466694320787428
hikmatollah_apt,uniform,reverse,True,3.9791568678210947,3.8133682346068856,2.3226980911979505
hikmatollah_apt,uniform,shuffled0,True,4.043177754956527,3.4942333591164227,2.429216896267513
hikmatollah_apt,uniform,shuffled1,True,3.9186213993356236,3.7557765384912525,2.3733008173262053
hikmatollah_apt,uniform,shuffled2,True,3.939249924159494,3.78499305468021,2.365893011754527
hikmatollah_apt,coverage,temporal,True,5.314322262498019,3.450253132574062,1.8418583457072697
hikmatollah_apt,coverage,reverse,True,5.170548637718241,3.9964660091540516,1.8815586018069181
hikmatollah_apt,coverage,shuffled0,True,4.818120255126599,3.6992825369261837,1.9559968510559873
hikmatollah_apt,coverage,shuffled1,True,4.524279367994157,3.810792931856941,1.861704133292268
hikmatollah_apt,coverage,shuffled2,True,4.694683139621392,3.6061639699576995,1.7656937527576002
home-office-portrait,uniform,temporal,True,3.5601732929912506,2.770763660708918,4.405531969794836
home-office-portrait,uniform,reverse,True,2.965859834373766,2.764929235772868,3.8637367508168
home-office-portrait,uniform,shuffled0,True,2.97857734541155,2.677737415663811,4.570156829465424
home-office-portrait,uniform,shuffled1,True,4.027628057899416,2.6070907756482686,4.394586063471694
home-office-portrait,uniform,shuffled2,True,4.993691755631085,2.396674487685974,6.33046332317303
home-office-portrait,coverage,temporal,True,1.8966121190919112,1.6143219185990034,3.7700255100348823
home-office-portrait,coverage,reverse,True,1.9136398617672294,1.6354595829809886,4.105857961502578
home-office-portrait,coverage,shuffled0,True,1.7356523704705165,1.6144300302253656,4.166039860869838
home-office-portrait,coverage,shuffled1,True,1.9851928255567455,1.4028662268752963,3.9918934895021807
home-office-portrait,coverage,shuffled2,True,2.60273042933742,1.71361626083423,3.56746357591941
mokhi_office,uniform,temporal,True,4.081318083707294,3.403097184915491,2.8393375979958115
mokhi_office,uniform,reverse,True,4.052619769215872,3.4068927966835254,2.853974508534636
mokhi_office,uniform,shuffled0,True,4.0364480965512035,3.401212550140537,2.8207305538529086
mokhi_office,uniform,shuffled1,True,4.022965752745844,3.3826477027686526,2.828350730852839
mokhi_office,uniform,shuffled2,True,4.062261157635287,3.415363783075064,2.8347772270011022
mokhi_office,coverage,temporal,True,4.066852599199303,3.4833697134180635,2.75906172050834
mokhi_office,coverage,reverse,True,4.088889377923179,3.471076358518519,2.7619258619504334
mokhi_office,coverage,shuffled0,True,4.079423855468634,3.509638164988761,2.7573783277641573
mokhi_office,coverage,shuffled1,True,4.076222840233907,3.499205817874637,2.7641993263651923
mokhi_office,coverage,shuffled2,True,4.091006915170711,3.4866439124520254,2.7704520592034854
room2,uniform,temporal,True,6.1783091272286565,3.2543981895268574,2.070768483238084
room2,uniform,reverse,True,5.93943240925866,2.9480442492239547,2.0227303722327155
room2,uniform,shuffled0,True,5.856729689995885,3.3627794102631694,2.0424526365872913
room2,uniform,shuffled1,True,4.928803583882395,3.2125291368018467,2.1747315291029343
room2,uniform,shuffled2,True,5.8421871240016685,3.309114112447804,2.168521559302929
room2,coverage,temporal,True,4.235964328041434,2.483762550857554,2.0640419611199117
room2,coverage,reverse,True,5.671813409678897,3.3043370227695887,1.9942629678874448
room2,coverage,shuffled0,True,5.405769152189114,3.3291996223854357,2.0260497663312473
room2,coverage,shuffled1,True,5.3573033029988215,3.222595204111604,1.9818886196221428
room2,coverage,shuffled2,True,5.274321025249036,3.2298490629020815,1.9310382602394154
test2,uniform,temporal,True,4.375061437950692,3.9066826438599884,1.9674483938934213
test2,uniform,reverse,True,4.272919743834618,4.1415687616858,1.9143126733683655
test2,uniform,shuffled0,True,4.352466940363902,3.9169143362383365,1.8958049730915827
test2,uniform,shuffled1,True,4.734709826951555,4.160129289453843,1.973720751963433
test2,uniform,shuffled2,True,4.193789496795832,3.7864940618101013,1.9430029342231447
test2,coverage,temporal,True,4.1842538583336255,3.3317827023932614,2.108487091813853
test2,coverage,reverse,True,4.457967363573335,3.478277954174869,2.1029702248309943
test2,coverage,shuffled0,True,4.338053285433421,3.2004358516134594,2.0948323292646904
test2,coverage,shuffled1,True,4.413349642033395,3.228068857684102,2.0882418629744226
test2,coverage,shuffled2,True,4.238307825578241,3.4472227190356124,2.06085414150145
