capture,even_L,even_W,odd_L,odd_W,disagreement
experiment2,3.8966605990673617,3.6396441279081007,3.9451564676805697,3.6056582442652334,0.010875011660432893
hikmatollah_apt,3.8966605990673617,3.6396441279081007,3.9451564676805697,3.6056582442652334,0.010875011660432893
home-office-portrait,3.441780429350583,2.328787558404437,4.377336903708687,2.1300030440137245,0.16423249121908104
mokhi_office,4.018810132690497,3.4085899497588827,4.036964598415322,3.4040765671405544,0.0029160951846643303
room2,6.065394365818873,3.1375024397603894,6.117107923257957,3.112683837277212,0.008215762437821472
test2,4.748101503774668,3.4080646547375184,4.89528250685294,3.374454084767404,0.02021785149604867
video1,5.235987701575697,3.6922509276974234,5.219137139472187,3.665035730758254,0.005310784257421294
video2,4.273825284193935,4.107163964340488,4.1852855465466385,3.9337620174593315,0.03203171277377655
video3,6.6080055782351295,3.3150649604479776,6.712952419098082,3.624032820981565,0.052403978418201116
