capture,strategy,seed,ref_L,ref_W,ok,vlm_L,vlm_W,vlm_ceiling,vlm_conf,vlm_err,reasoning,angular_coverage,direction_entropy,max_angular_gap,mean_baseline,mean_adjacent_rotation,mean_sharpness,mean_consecutive_overlap
hikmatollah_apt,uniform,0,3.939253441209132,3.6275103359447454,True,3.3,2.7,2.5,0.4,0.20898283488864838,"Small bedroom with two twin beds along walls, a mirrored closet, and windows suggests a compact ~3.3x2.7m footprint typical of an apartment bedroom.",0.3611111111111111,0.7011707131126067,1.24410186847106,0.380372485719826,1.4933706578621435,0.18094462426682822,0.221504346058839
hikmatollah_apt,uniform,1,3.939253441209132,3.6275103359447454,True,3.4,2.7,2.5,0.4,0.1962900745100085,"Small bedroom sized to fit two twin beds with a mirrored closet, judging from bed proportions (~1m wide) and door/window scale.",0.3611111111111111,0.7011707131126067,1.24410186847106,0.380372485719826,1.4933706578621435,0.18094462426682822,0.221504346058839
hikmatollah_apt,uniform,2,3.939253441209132,3.6275103359447454,True,3.4,2.7,2.5,0.35,0.1962900745100085,"Small bedroom with two twin beds against windows and a mirrored closet, sized based on typical twin bed length (~2m) and visible floor space around it.",0.3611111111111111,0.7011707131126067,1.24410186847106,0.380372485719826,1.4933706578621435,0.18094462426682822,0.221504346058839
hikmatollah_apt,sharpness,0,3.939253441209132,3.6275103359447454,True,3.4,2.7,2.6,0.3,0.1962900745100085,"Room appears to be a small bedroom fitting two twin/full beds with narrow walking space, estimated from bed sizes (~1.35m wide) and window proportions.",0.19444444444444445,0.4352094081388593,3.3495089773708546,0.32434997032209023,0.2718583786268862,0.569820675868407,0.8237794194798457
hikmatollah_apt,sharpness,1,3.939253441209132,3.6275103359447454,True,3.6,3.0,2.6,0.35,0.1295538790175914,"Room shows two twin beds along walls with windows, suggesting a small bedroom roughly 3-3.6m per side based on bed proportions (~1m wide beds) and spacing to windows.",0.19444444444444445,0.4352094081388593,3.3495089773708546,0.32434997032209023,0.2718583786268862,0.569820675868407,0.8237794194798457
hikmatollah_apt,sharpness,2,3.939253441209132,3.6275103359447454,True,3.4,2.8,2.6,0.3,0.18250651626496273,"Room appears to be a small bedroom with two twin beds along walls under windows, suggesting a compact space roughly 3.4m x 2.8m based on bed sizes (~1m wide) and spacing visible in the panning shot.",0.19444444444444445,0.4352094081388593,3.3495089773708546,0.32434997032209023,0.2718583786268862,0.569820675868407,0.8237794194798457
hikmatollah_apt,coverage,0,3.939253441209132,3.6275103359447454,True,3.4,2.7,2.5,0.35,0.1962900745100085,"Small bedroom sized around a twin bed (~1m x 2m) with visible closet and window, suggesting a compact room roughly 3.4m by 2.7m.",0.4444444444444444,0.7737056144690831,0.43441489608267236,0.40606453468725523,1.1855315359741139,0.08542249752179298,0.23286085647094784
hikmatollah_apt,coverage,1,3.939253441209132,3.6275103359447454,True,3.4,2.7,2.6,0.35,0.1962900745100085,"Small bedroom with two twin beds against windows and a closet, floor space estimated from bed sizes (~1m x 2m) and typical apartment bedroom proportions.",0.4444444444444444,0.7737056144690831,0.4964041094589069,0.40597827132151454,1.2564327232511647,0.11193176933529445,0.255204144388475
hikmatollah_apt,coverage,2,3.939253441209132,3.6275103359447454,True,3.4,2.7,2.5,0.35,0.1962900745100085,"Small bedroom sized for a twin bed with modest clearance, estimated from door width and bed proportions visible in frames.",0.4444444444444444,0.7737056144690831,0.4964041094589069,0.4059974311122288,0.9911416209704118,0.16164821923469713,0.32139517693192576
hikmatollah_apt,spread_high,0,3.939253441209132,3.6275103359447454,True,3.4,2.6,2.6,0.3,0.21007363275505428,"Small bedroom with two twin beds against windows and a mirrored closet, typical apartment bedroom proportions suggest roughly 3.4m x 2.6m.",0.4444444444444444,0.7737056144690831,1.216787701281456,0.39144148112062294,1.0689290990644273,0.21966374501443586,0.3115760846210149
hikmatollah_apt,spread_high,1,3.939253441209132,3.6275103359447454,True,3.4,2.7,2.5,0.35,0.1962900745100085,"Room fits two twin beds with headboards under windows and a closet, suggesting a small bedroom roughly 3-3.5m by 2.5-3m based on bed sizes (~1m wide) and visible clearances.",0.4444444444444444,0.7737056144690831,1.216787701281456,0.3913621938415498,1.096094511766244,0.23441014697211957,0.3048320835776282
hikmatollah_apt,spread_high,2,3.939253441209132,3.6275103359447454,True,3.4,2.7,2.6,0.35,0.1962900745100085,"Small bedroom sized for a twin bed with storage, closet, and window, based on typical apartment proportions visible in frames.",0.4444444444444444,0.7737056144690831,1.216787701281456,0.39779750442678685,1.315053431193552,0.2465129317310471,0.3340012513811355
hikmatollah_apt,spread_low,0,3.939253441209132,3.6275103359447454,True,3.4,3.0,2.6,0.3,0.15493939977487114,Bedroom sized by mattress (~1.4m wide) and door frame reference suggest a small bedroom roughly 3x3.4m with standard ceiling height.,0.4444444444444444,0.7737056144690831,0.8172884623718364,0.40516705231049976,0.7722828175691469,0.023349136681428996,0.44506209992365436
hikmatollah_apt,spread_low,1,3.939253441209132,3.6275103359447454,True,3.4,2.8,2.5,0.3,0.18250651626496273,"Small bedroom sized to fit a twin bed with modest clearance, closet, and door, typical of compact apartment bedrooms.",0.4444444444444444,0.7737056144690831,0.8172884623718364,0.4023540517126227,1.0744817284068522,0.037447421807375224,0.3064459576157613
hikmatollah_apt,spread_low,2,3.939253441209132,3.6275103359447454,True,3.4,2.8,2.6,0.35,0.18250651626496273,"Small bedroom inferred from single-bed size relative to walls, closet, and door proportions visible across frames.",0.4444444444444444,0.7737056144690831,0.9294156781238812,0.3982266474041248,1.009691002088804,0.03440927535278966,0.38467840990535984
hikmatollah_apt,clustered_high,0,3.939253441209132,3.6275103359447454,True,3.4,2.7,2.6,0.4,0.1962900745100085,"Small bedroom with two twin beds along windows and a closet, suggesting roughly 3.4m x 2.7m floor area based on typical bed and door proportions.",0.2777777777777778,0.610383914921242,2.63178122519282,0.32195141480338774,0.4739386663698589,0.22049417405506805,0.7455453323988787
hikmatollah_apt,clustered_high,1,3.939253441209132,3.6275103359447454,True,3.4,2.7,2.5,0.4,0.1962900745100085,"Small bedroom with a single/twin bed and closet, estimated from typical furniture proportions and window height visible in the mirrored reflections.",0.3611111111111111,0.6920447646951626,2.391585647055562,0.346676797197813,0.2594399773416016,0.2072920622592238,0.8314176956328843
hikmatollah_apt,clustered_high,2,3.939253441209132,3.6275103359447454,True,3.4,2.8,2.6,0.4,0.18250651626496273,"Small bedroom with two twin beds against walls, mirrored closet, and window, suggesting a compact space typical of studio/small apartment bedrooms.",0.2777777777777778,0.610383914921242,2.668639092976135,0.3216894598429363,0.4720143519063068,0.22148423537852602,0.7472415646637635
hikmatollah_apt,clustered_low,0,3.939253441209132,3.6275103359447454,True,3.4,2.8,2.5,0.3,0.18250651626496273,"A small bedroom with a twin bed, mirrored closet, and window, suggesting compact standard apartment bedroom dimensions.",0.3611111111111111,0.7011707131126067,3.279151964871451,0.2654406700817943,0.22863452341929402,0.029424643718873034,0.7984647193398382
hikmatollah_apt,clustered_low,1,3.939253441209132,3.6275103359447454,True,3.4,2.7,2.4,0.3,0.1962900745100085,"Small bedroom inferred from single bed size, closet, and door proportions visible across panning frames.",0.3333333333333333,0.6678664642430038,3.2694499090868607,0.32760298166397417,0.20335616215787133,0.050665201040076394,0.8207469256980924
hikmatollah_apt,clustered_low,2,3.939253441209132,3.6275103359447454,True,3.4,2.8,2.6,0.3,0.18250651626496273,"Small bedroom inferred from bed size relative to walls and closet mirror door, with typical apartment ceiling height.",0.3333333333333333,0.6678664642430038,4.208567642995332,0.22602434648629924,0.17179902928321872,0.025692430670222838,0.8485637030404175
home-office-portrait,uniform,0,3.470467987645599,2.3639466922778767,True,5.5,4.0,2.7,0.3,0.6384431029042886,"The room appears to be a mid-sized home office/study with a desk, fridge, and window area, suggesting typical residential room dimensions.",0.2222222222222222,0.5319226099474946,4.903987455944562,0.11499442593019599,0.2649642586174527,0.26940356180826247,0.7664410193754939
home-office-portrait,uniform,1,3.470467987645599,2.3639466922778767,True,5.5,4.0,2.7,0.3,0.6384431029042886,"The room appears to be a modest home office/study with a desk, refrigerator, and window area, suggesting typical residential room dimensions.",0.2222222222222222,0.5319226099474946,4.903987455944562,0.11499442593019599,0.2649642586174527,0.26940356180826247,0.7664410193754939
home-office-portrait,uniform,2,3.470467987645599,2.3639466922778767,True,5.0,4.0,2.7,0.3,0.5664067087090485,"The room appears to be a home office/workspace with a desk, refrigerator, and window area, suggesting a medium-sized room typical of residential spaces.",0.2222222222222222,0.5319226099474946,4.903987455944562,0.11499442593019599,0.2649642586174527,0.26940356180826247,0.7664410193754939
home-office-portrait,sharpness,0,3.470467987645599,2.3639466922778767,True,4.5,3.2,2.6,0.25,0.32516176116247897,"A small home office/garage-like room with desks and chair, glass roof panels; dimensions estimated from desk and chair scale relative to visible walls.",0.08333333333333333,0.29907197715946404,5.907770987401122,0.04827660512963312,0.04150641602565309,0.8639155324011423,0.9634131929079373
home-office-portrait,sharpness,1,3.470467987645599,2.3639466922778767,True,4.0,3.0,2.6,0.3,0.21082322862940642,"The room appears to be a small home office/garage space with desks and standing area, judged by desk and chair proportions visible in frames.",0.08333333333333333,0.29907197715946404,5.907770987401122,0.04827660512963312,0.04150641602565309,0.8639155324011423,0.9634131929079373
home-office-portrait,sharpness,2,3.470467987645599,2.3639466922778767,True,4.5,3.5,2.7,0.3,0.38861496866922746,"A home office/garage space with desks, chair, and treadmill desk visible, suggesting a small-to-medium sized room typical of a converted garage or office.",0.08333333333333333,0.29907197715946404,5.907770987401122,0.04827660512963312,0.04150641602565309,0.8639155324011423,0.9634131929079373
home-office-portrait,coverage,0,3.470467987645599,2.3639466922778767,True,5.5,4.0,2.7,0.3,0.6384431029042886,"Based on visible office desk, cabinetry, and window scale, the room appears to be a mid-sized office/room, though panning video limits precise measurement.",0.2222222222222222,0.5711532624343684,4.892988847699336,0.15003104514232682,0.2585662259207785,0.13732913796256516,0.7720807158478962
home-office-portrait,coverage,1,3.470467987645599,2.3639466922778767,True,5.5,4.0,2.7,0.3,0.6384431029042886,"Based on desk, chair, whiteboard, and glass cabinet scale relative to visible wall and floor space, suggesting a small-to-medium office room.",0.2222222222222222,0.5620273140169243,4.892988847699336,0.14704048317799756,0.22399056422411248,0.29529112267698643,0.8025582464492976
home-office-portrait,coverage,2,3.470467987645599,2.3639466922778767,True,5.5,4.0,2.8,0.3,0.6384431029042886,"Office-like room with desks, chairs, mirrored cabinet, and windows suggests a mid-sized room, estimated from furniture scale and panning coverage.",0.2222222222222222,0.5711532624343684,4.892988847699336,0.1501950061048138,0.19970885868077778,0.2712720425763595,0.8239619271725667
home-office-portrait,spread_high,0,3.470467987645599,2.3639466922778767,True,5.5,4.0,2.7,0.3,0.6384431029042886,"Based on visible desk, chair, cabinet, and skylight proportions typical of a mid-sized office/loft room, though exact scale is uncertain from panning close-up shots.",0.2222222222222222,0.5529013655994802,5.051904677586214,0.1284845214951734,0.19975887534316075,0.38530478974429383,0.8239178388085686
home-office-portrait,spread_high,1,3.470467987645599,2.3639466922778767,True,5.0,4.0,2.7,0.3,0.5664067087090485,"The room appears to be a small office/workspace with desks, chairs, and window shades, suggesting typical modest room dimensions based on furniture scale.",0.2222222222222222,0.5529013655994802,5.051904677586214,0.13040853284933715,0.1951877012794028,0.3718945800839905,0.82794720775123
home-office-portrait,spread_high,2,3.470467987645599,2.3639466922778767,True,5.5,4.0,2.7,0.3,0.6384431029042886,"Room appears to be an office/workspace with desks, chairs, and cabinets, with dimensions estimated from furniture scale and visible wall spans.",0.2222222222222222,0.5620273140169243,5.051904677586214,0.13229178059401295,0.19281223428444466,0.3100466031575615,0.8300411190309798
home-office-portrait,spread_low,0,3.470467987645599,2.3639466922778767,True,5.5,4.0,2.7,0.3,0.6384431029042886,"The video shows a room with a desk, whiteboard, cabinets, and glass-fronted units, suggesting a moderate-sized office or workspace, but exact dimensions are hard to gauge from panning shots alone.",0.2222222222222222,0.5620273140169243,4.892988847699336,0.148614194181162,0.1979263111948404,0.0734811582029068,0.8255331955991186
home-office-portrait,spread_low,1,3.470467987645599,2.3639466922778767,True,5.5,4.0,2.7,0.3,0.6384431029042886,"Room shows a desk area, whiteboard, filing cabinets and glass cabinet suggesting a mid-sized office/room, estimated from furniture scale and wall spans visible in the panning frames.",0.2222222222222222,0.5711532624343684,4.892988847699336,0.15446178658637974,0.1982393767846906,0.0659129462501399,0.825257236568208
home-office-portrait,spread_low,2,3.470467987645599,2.3639466922778767,True,5.5,4.0,2.7,0.3,0.6384431029042886,"Based on visible desk, cabinet, and window sizes in a small office/room, typical proportions suggest a modest-sized room.",0.2222222222222222,0.5620273140169243,4.892988847699336,0.16353560107559945,0.2132436065892497,0.09384467720496065,0.8120314051428906
home-office-portrait,clustered_high,0,3.470467987645599,2.3639466922778767,True,6.0,4.0,2.7,0.3,0.7104794970995287,"Office space with desks, chairs, and rug suggests a mid-sized room, but limited view of full boundaries makes precise estimation difficult.",0.1111111111111111,0.3491417248942092,5.74086337256358,0.06439285557248381,0.0410303582353181,0.3339998207076399,0.9638328252493299
home-office-portrait,clustered_high,1,3.470467987645599,2.3639466922778767,True,4.5,3.2,2.6,0.3,0.32516176116247897,"A small home office/desk area with a skylight and glass wall, sized by typical desk and chair proportions visible in frame.",0.08333333333333333,0.27461456740811574,6.046784292698585,0.028528364621259107,0.015760067632066728,0.770310779232442,0.9861079175360284
home-office-portrait,clustered_high,2,3.470467987645599,2.3639466922778767,True,5.0,3.5,2.7,0.25,0.4606513628644675,"The video shows a desk setup with chairs and a rug in what appears to be a converted garage/office space, but limited wall-to-wall visibility makes exact room dimensions difficult to determine.",0.1388888888888889,0.3883723773810829,5.728528749776273,0.063885079130827,0.03908938609401592,0.359215609617443,0.9655437408162387
home-office-portrait,clustered_low,0,3.470467987645599,2.3639466922778767,True,4.5,3.5,2.7,0.25,0.38861496866922746,"Whiteboard and cabinet scale suggest a small-to-medium room, but limited view prevents precise measurement.",0.1111111111111111,0.25618559126721213,5.745613506477716,0.060573797340117204,0.04604920380077263,0.056552301527742155,0.9594088457273529
home-office-portrait,clustered_low,1,3.470467987645599,2.3639466922778767,True,5.5,4.0,2.7,0.25,0.6384431029042886,"The video shows a home office/room with a desk, window, and rug, suggesting a typical bedroom or office-sized space, though exact dimensions are hard to determine from these close-up sideways-oriented",0.1111111111111111,0.3383026296463377,5.22018667534994,0.1518197513602809,0.07282147621587634,0.10770733470163887,0.9358097962295074
home-office-portrait,clustered_low,2,3.470467987645599,2.3639466922778767,True,4.5,3.5,2.7,0.25,0.38861496866922746,"Based on whiteboard size (~1.2m) and cabinet proportions visible in the panning shot, suggesting a small to medium sized room.",0.1111111111111111,0.29045188690189117,5.681477613026324,0.0708201088185873,0.04834404960960681,0.0571296012943844,0.9573859998892069
mokhi_office,uniform,0,4.041237859819154,3.405971540728647,True,6.5,5.0,2.8,0.35,0.5382139938107195,"Room appears to be a converted studio/office space with desks, chairs, and photography equipment, estimated from typical furniture scale and visible wall spans across multiple angles.",0.4166666666666667,0.7495273140169244,1.1573791674354448,0.36234409727131184,0.8172208511179613,0.2661165868436757,0.2810111391851685
mokhi_office,uniform,1,4.041237859819154,3.405971540728647,True,6.5,4.5,2.7,0.35,0.4648134979432418,"Based on desk, chairs, and panel sizes as scale references across multiple angles, the room appears to be a medium-sized rectangular studio/office space.",0.4166666666666667,0.7495273140169244,1.1573791674354448,0.36234409727131184,0.8172208511179613,0.2661165868436757,0.2810111391851685
mokhi_office,uniform,2,4.041237859819154,3.405971540728647,True,6.5,5.0,2.8,0.35,0.5382139938107195,"The room appears to be a converted studio/office space with desks, chairs, and photography equipment, with concrete floors and moderate ceiling height typical of a commercial unit.",0.4166666666666667,0.7495273140169244,1.1573791674354448,0.36234409727131184,0.8172208511179613,0.2661165868436757,0.2810111391851685
mokhi_office,sharpness,0,4.041237859819154,3.405971540728647,True,5.5,4.0,2.7,0.35,0.267688535131773,"Based on desk, chair, and panel sizes relative to the room, plus visible floor space across multiple angles, suggesting a mid-sized studio room.",0.16666666666666666,0.46410682353773264,4.969781338585879,0.15651019843030406,0.10364954902400052,0.6608418399518814,0.9086356660383147
mokhi_office,sharpness,1,4.041237859819154,3.405971540728647,True,5.5,4.0,2.7,0.4,0.267688535131773,"Based on desk, chair, and panel sizes relative to visible floor and wall space, this appears to be a medium-sized studio/office room.",0.16666666666666666,0.46410682353773264,4.969781338585879,0.15651019843030406,0.10364954902400052,0.6608418399518814,0.9086356660383147
mokhi_office,sharpness,2,4.041237859819154,3.405971540728647,True,5.5,4.0,2.7,0.4,0.267688535131773,"Based on desk, chair, and acoustic panel sizes relative to the room, this appears to be a mid-sized studio/office space with modest floor area and standard ceiling height.",0.16666666666666666,0.46410682353773264,4.969781338585879,0.15651019843030406,0.10364954902400052,0.6608418399518814,0.9086356660383147
mokhi_office,coverage,0,4.041237859819154,3.405971540728647,True,6.5,4.5,2.7,0.35,0.4648134979432418,"The room appears to be a mid-sized office/studio space with two work desks, photography equipment, and a whiteboard, suggesting moderate square footage typical of a small studio room.",0.4444444444444444,0.7737056144690831,0.43681319123982076,0.40609626615634903,0.5768778147140363,0.2565259919513301,0.5415237483179146
mokhi_office,coverage,1,4.041237859819154,3.405971540728647,True,6.5,4.5,2.7,0.35,0.4648134979432418,"The room appears to be a medium-sized studio/office space with a photo setup, desks, whiteboard, and acoustic panels, consistent with roughly 6.5x4.5m and standard ceiling height.",0.4444444444444444,0.7737056144690831,0.42568222395806377,0.40606033912175643,0.5492821840636559,0.23225191537435935,0.5424774754772165
mokhi_office,coverage,2,4.041237859819154,3.405971540728647,True,5.5,4.0,2.7,0.3,0.267688535131773,"Based on desk, chairs, and equipment scale relative to walls, this appears to be a mid-size studio/office room roughly 5.5m by 4m with standard ceiling height.",0.4444444444444444,0.7737056144690831,0.43706004862118775,0.40611393342421137,0.6292784976021071,0.22909152097522853,0.49948494205327104
mokhi_office,spread_high,0,4.041237859819154,3.405971540728647,True,5.5,4.0,2.7,0.35,0.267688535131773,"Based on desk, chair, and lighting equipment scale relative to walls, this appears to be a small studio/office room with modest proportions.",0.4444444444444444,0.7737056144690831,1.7701735798310283,0.3781713917893342,0.6262266754454291,0.314248223250604,0.5814324436741384
mokhi_office,spread_high,1,4.041237859819154,3.405971540728647,True,5.5,4.0,2.7,0.35,0.267688535131773,"Based on desk, chair, and panel sizes as scale references, the room appears to be a medium-sized studio/office space with moderate ceiling height.",0.4444444444444444,0.7737056144690831,1.7701735798310283,0.3858962204719842,0.5351678978635801,0.27664694810172374,0.6384918427907552
mokhi_office,spread_high,2,4.041237859819154,3.405971540728647,True,5.5,4.0,2.7,0.35,0.267688535131773,"A studio/office room with desks, chairs, sound panels, and lighting equipment suggests a moderate-sized room based on furniture spacing and visible wall extents.",0.4444444444444444,0.7737056144690831,1.7701735798310283,0.37556000400117656,0.5919356712354087,0.28291268922175367,0.6130879628992278
mokhi_office,spread_low,0,4.041237859819154,3.405971540728647,True,6.5,4.5,2.7,0.3,0.4648134979432418,"The room spans a desk/workstation area, sound-dampening panels, photography lighting setup, whiteboard, and a keyboard corner visible through panning, suggesting a moderately sized multi-purpose room ",0.4444444444444444,0.7737056144690831,0.8238187248928024,0.4036505170205063,0.4210608769421198,0.1754094053638019,0.6288459820482957
mokhi_office,spread_low,1,4.041237859819154,3.405971540728647,True,5.5,4.0,2.7,0.3,0.267688535131773,"The room appears to be a mid-sized studio/office space with desks, photography equipment, and a keyboard, suggesting moderate dimensions based on furniture scale and wall coverage visible in the frame",0.4444444444444444,0.7737056144690831,0.8291664284063973,0.4019364582537175,0.40654338300178083,0.16191489535151926,0.641642768692729
mokhi_office,spread_low,2,4.041237859819154,3.405971540728647,True,6.5,4.5,2.8,0.35,0.4648134979432418,"Based on desk, chair, and mattress panel sizes as scale references across a room with multiple workstations and a corner storage area, extrapolated to a moderate-sized office room.",0.4444444444444444,0.7737056144690831,0.8919828021280334,0.4041096336322608,0.4210608769421198,0.1693836307640085,0.6288459820482958
mokhi_office,clustered_high,0,4.041237859819154,3.405971540728647,True,5.5,4.0,2.7,0.3,0.267688535131773,"Based on desk, chairs, and softbox light scale relative to visible wall and floor space in a small studio-like room.",0.16666666666666666,0.46410682353773264,5.546372783174393,0.08379199148358349,0.05441172356599123,0.5333679399306889,0.9520375059020949
mokhi_office,clustered_high,1,4.041237859819154,3.405971540728647,True,5.5,4.0,2.7,0.3,0.267688535131773,"Room appears to be a medium office/studio space with desks, whiteboard, and photo equipment, estimated from furniture scale and wall proportions visible across frames.",0.2222222222222222,0.5529013655994802,3.008673448202509,0.3031064728946287,0.21830079059847182,0.29541924778149126,0.8552213307370696
mokhi_office,clustered_high,2,4.041237859819154,3.405971540728647,True,5.5,4.0,2.7,0.35,0.267688535131773,"Based on desk (~1.5m) and chair scale relative to wall/floor space visible, this appears to be a small studio/office room with modest proportions.",0.1388888888888889,0.4169575113039712,5.640849493639498,0.07065441224370904,0.051645187030453246,0.5490387823367711,0.9544761346306346
mokhi_office,clustered_low,0,4.041237859819154,3.405971540728647,True,3.5,2.5,2.6,0.3,0.19996188635864248,"Small room inferred from keyboard stand (~1.3m) and desk scale relative to wall span visible in panning shot, with textured walls and concrete floor suggesting a compact studio space.",0.19444444444444445,0.5227966615300507,5.293761372807991,0.11071947209154914,0.06596159562477304,0.10694436785627012,0.9418565993961834
mokhi_office,clustered_low,1,4.041237859819154,3.405971540728647,True,5.5,4.0,2.7,0.35,0.267688535131773,"The room appears to be a mid-sized office/studio space with a desk, whiteboard, photography equipment, and adjoining glass-doored room, suggesting typical small office dimensions.",0.2777777777777778,0.610383914921242,4.044477524520045,0.252332955541774,0.14924718551063615,0.17723489908239082,0.8684425564005307
mokhi_office,clustered_low,2,4.041237859819154,3.405971540728647,True,3.5,2.5,2.6,0.35,0.19996188635864248,Small room inferred from piano keyboard (~1.3m) and suitcase scale relative to visible wall span and depth in the panning shot.,0.19444444444444445,0.5227966615300507,5.284923183689228,0.10791779264224184,0.06655080823269052,0.09935051863577059,0.9413372240781899
room2,uniform,0,6.010873371475287,3.2244286255946624,True,4.0,3.3,2.6,0.3,0.17898821845471563,"Bedroom with queen bed, TV stand, and window suggests a standard mid-size bedroom, though dim lighting limits precise scale estimation.",0.2777777777777778,0.62863581175613,1.2413510324226062,0.3977779714433251,1.7894942710404338,0.16950789877548303,0.16015480351506786
room2,uniform,1,6.010873371475287,3.2244286255946624,True,4.2,3.4,2.5,0.3,0.17785832424350503,"Bedroom scene with bed, TV stand, and window suggests a standard-sized bedroom, though dark/blurry frames limit precise scale estimation.",0.2777777777777778,0.62863581175613,1.2413510324226062,0.3977779714433251,1.7894942710404338,0.16950789877548303,0.16015480351506786
room2,uniform,2,6.010873371475287,3.2244286255946624,True,4.0,3.3,2.5,0.3,0.17898821845471563,"Bedroom with bed, TV stand, and window suggests a standard mid-size bedroom, though dim lighting and close-up shots limit precise scale estimation.",0.2777777777777778,0.62863581175613,1.2413510324226062,0.3977779714433251,1.7894942710404338,0.16950789877548303,0.16015480351506786
room2,sharpness,0,6.010873371475287,3.2244286255946624,True,4.0,3.2,2.5,0.3,0.17105770506007612,"Small bedroom with a bed, TV stand, and window sized proportionally to typical apartment bedrooms, though exact scale is hard to judge from these clips.",0.3333333333333333,0.6678664642430038,1.8862908460409118,0.36639765461782137,0.6475412122495156,0.5747966780116407,0.6129222367013709
room2,sharpness,1,6.010873371475287,3.2244286255946624,True,4.0,3.2,2.5,0.3,0.17105770506007612,"The video shows a small bedroom with a bed, TV stand, and windows, suggesting standard apartment bedroom dimensions typical of this layout.",0.3333333333333333,0.6678664642430038,1.8862908460409118,0.36639765461782137,0.6475412122495156,0.5747966780116407,0.6129222367013709
room2,sharpness,2,6.010873371475287,3.2244286255946624,True,4.0,3.3,2.5,0.3,0.17898821845471563,"Small bedroom with a bed, TV stand, and window sizes suggest typical apartment bedroom dimensions around 4x3.3m.",0.3333333333333333,0.6678664642430038,1.8862908460409118,0.36639765461782137,0.6475412122495156,0.5747966780116407,0.6129222367013709
room2,coverage,0,6.010873371475287,3.2244286255946624,True,4.0,3.3,2.5,0.3,0.17898821845471563,"Bedroom with a queen bed, TV console, and nightstand visible, suggesting a standard-sized bedroom of roughly 4m x 3.3m with typical 2.5m ceilings.",0.4444444444444444,0.7737056144690831,0.45568339558314364,0.4060715998327145,1.4619589445798165,0.10175545646027889,0.18316974622641688
room2,coverage,1,6.010873371475287,3.2244286255946624,True,4.0,3.2,2.5,0.3,0.17105770506007612,"Small bedroom with a bed, nightstand, and TV stand suggests a standard modest-sized room, though exact dimensions are hard to gauge from blurry hallway/bedroom clips.",0.4444444444444444,0.7737056144690831,0.43580030664250735,0.4060899489906396,1.5957229291574246,0.28568288701913613,0.12919811384268037
room2,coverage,2,6.010873371475287,3.2244286255946624,True,4.2,3.5,2.6,0.3,0.1933649475264995,"Dark, blurry bedroom footage shows a bed, nightstand, and TV stand suggesting a standard-sized bedroom of typical apartment proportions.",0.4444444444444444,0.7737056144690831,0.4205330657499049,0.4060798937983538,1.2018315732624978,0.11290617943140618,0.27953055540691557
room2,spread_high,0,6.010873371475287,3.2244286255946624,True,4.0,3.3,2.5,0.3,0.17898821845471563,"Bedroom with bed, nightstand, and TV console suggests a standard-sized bedroom roughly 3.3m by 4m based on furniture scale.",0.4444444444444444,0.7737056144690831,0.5158587256554346,0.40590916274619104,0.8387631566272717,0.2130372196160103,0.3855011664895764
room2,spread_high,1,6.010873371475287,3.2244286255946624,True,3.8,3.2,2.6,0.3,0.1876942225542812,"Small bedroom with a double bed, nightstand, and TV console suggests a compact space roughly 3.2m x 3.8m based on typical furniture scale.",0.4444444444444444,0.7737056144690831,0.4665305949562617,0.4056389307780686,0.8899093434003127,0.2055595485450742,0.4182946671866975
room2,spread_high,2,6.010873371475287,3.2244286255946624,True,4.0,3.2,2.5,0.3,0.17105770506007612,"Bedroom with a queen-size bed, nightstand, TV dresser, and window suggests a standard-sized bedroom roughly 3.2m by 4m with typical 2.5m ceilings.",0.4444444444444444,0.7737056144690831,0.5158587256554346,0.4058811700157719,0.7758012961256964,0.2058972822495834,0.37157062586331313
room2,spread_low,0,6.010873371475287,3.2244286255946624,True,3.5,2.8,2.4,0.3,0.2746754919275667,"Small bedroom with a double bed, nightstand, and window, suggesting a compact 3.5x2.8m space typical of modern apartment bedrooms.",0.4444444444444444,0.7737056144690831,0.5947532038260945,0.40568723162524073,1.0763037586824455,0.05187330522782725,0.30208004656931375
room2,spread_low,1,6.010873371475287,3.2244286255946624,True,4.0,3.2,2.5,0.25,0.17105770506007612,"Dark, blurry footage of what appears to be a small bedroom with a bed, dresser, and door, suggesting typical bedroom dimensions.",0.4444444444444444,0.7737056144690831,0.5290614087557772,0.4057232265249323,1.2212120445669519,0.05565119600785064,0.29573126924495446
room2,spread_low,2,6.010873371475287,3.2244286255946624,True,3.6,3.0,2.4,0.3,0.23534398661447517,"Small bedroom inferred from bed, nightstand, TV stand, and door spacing typical of a standard apartment bedroom.",0.4444444444444444,0.7737056144690831,0.46448623919786636,0.40581475284286755,1.255023276409807,0.06148309567211056,0.2667636105743136
room2,clustered_high,0,6.010873371475287,3.2244286255946624,True,4.0,3.3,2.5,0.3,0.17898821845471563,"Based on bed, TV stand, and nightstand proportions typical of a standard bedroom, though dim lighting limits precise scale estimation.",0.3611111111111111,0.7011707131126066,2.301692198261608,0.35831627981330044,0.39841617051144873,0.3079081880155564,0.6908124107212785
room2,clustered_high,1,6.010873371475287,3.2244286255946624,True,3.8,3.2,2.5,0.3,0.1876942225542812,"Based on bed and nightstand size relative to visible wall/floor space, typical for a small bedroom.",0.3333333333333333,0.6769924126604476,3.4393421197074128,0.30098801723985225,0.4313206598086906,0.16020578708781968,0.6627839115529814
room2,clustered_high,2,6.010873371475287,3.2244286255946624,True,4.0,3.2,2.5,0.3,0.17105770506007612,"Bedroom with bed, TV stand, and windows suggests a standard mid-size bedroom, estimated from furniture scale and wall proportions visible in dim frames.",0.3611111111111111,0.7011707131126066,2.298601742045663,0.35703295540423396,0.3986222009258451,0.29614893168326856,0.6906308003644133
room2,clustered_low,0,6.010873371475287,3.2244286255946624,True,3.7,3.0,2.4,0.25,0.22702572786737263,"Frames show a small bedroom with a bed, nightstand, and door, suggesting a modest standard bedroom size, but poor lighting and close-up shots limit precise estimation.",0.3611111111111111,0.7011707131126066,3.373960319061055,0.2858181098484755,0.28333492949066463,0.04652809271212534,0.750247759254587
room2,clustered_low,1,6.010873371475287,3.2244286255946624,True,3.5,3.0,2.5,0.25,0.2436622453615777,"Bedroom with a bed, nightstand, and headboard suggests a typical small bedroom, but limited view prevents precise measurement.",0.19444444444444445,0.4942115276071623,4.377994655522887,0.21071665637815834,0.2267765680785188,0.05565629544177527,0.8001024577944568
room2,clustered_low,2,6.010873371475287,3.2244286255946624,True,3.5,3.0,2.4,0.25,0.2436622453615777,"Dark, blurry footage shows a bed, nightstand, and door suggesting a small standard bedroom, but exact dimensions are hard to determine from these low-visibility frames.",0.3888888888888889,0.7253490135647654,2.974320909776707,0.3157795138726093,0.30997755677628785,0.05041811176172185,0.7267629885067978
test2,uniform,0,4.854899269276995,3.344881755444793,True,3.7,3.0,2.5,0.3,0.1704952847336361,"Room appears to be a small bedroom sized for a bunk bed and dresser, with door and window frames suggesting standard apartment bedroom dimensions.",0.3888888888888889,0.7253490135647654,1.1278938562285576,0.3916256695166974,1.8477256571211933,0.09164161748527225,0.11856783791698615
test2,uniform,1,4.854899269276995,3.344881755444793,True,3.7,3.0,2.6,0.3,0.1704952847336361,"Room appears to be a small bedroom sized for a twin bunk bed and desk, typical of a compact apartment bedroom based on visible wall spans and furniture scale.",0.3888888888888889,0.7253490135647654,1.1278938562285576,0.3916256695166974,1.8477256571211933,0.09164161748527225,0.11856783791698615
test2,uniform,2,4.854899269276995,3.344881755444793,True,3.7,3.0,2.5,0.35,0.1704952847336361,Bedroom with a bunk bed and drawer unit suggests a small room roughly 3x3.7m based on furniture scale and door/window proportions.,0.3888888888888889,0.7253490135647654,1.1278938562285576,0.3916256695166974,1.8477256571211933,0.09164161748527225,0.11856783791698615
test2,sharpness,0,4.854899269276995,3.344881755444793,True,3.8,3.2,2.6,0.35,0.13029998683415414,"Room contains a bunk bed and a desk with clearance to walk around, suggesting a small-to-medium bedroom roughly 3.5-4m per side based on furniture scale.",0.3333333333333333,0.6678664642430038,1.32962710181054,0.351137023765232,0.9557466265003828,0.4988681169828673,0.50063792571063
test2,sharpness,1,4.854899269276995,3.344881755444793,True,3.7,3.0,2.6,0.35,0.1704952847336361,"Room contains a twin bunk bed (~1m wide) and desk with visible floor space around them, suggesting a small bedroom roughly 3-3.7m per side.",0.3333333333333333,0.6678664642430038,1.32962710181054,0.351137023765232,0.9557466265003828,0.4988681169828673,0.50063792571063
test2,sharpness,2,4.854899269276995,3.344881755444793,True,3.7,3.0,2.7,0.35,0.1704952847336361,"Room contains a twin bunk bed and desk with some floor space between them, suggesting a small-to-medium bedroom roughly 3-3.7m per side.",0.3333333333333333,0.6678664642430038,1.32962710181054,0.351137023765232,0.9557466265003828,0.4988681169828673,0.50063792571063
test2,coverage,0,4.854899269276995,3.344881755444793,True,3.7,3.0,2.5,0.3,0.1704952847336361,"Small bedroom with bunk bed, desk, closet, and window suggests a compact space roughly 3x3.7m based on furniture scale and wall proportions.",0.4444444444444444,0.7737056144690831,0.47052060312425503,0.40605139770163967,1.5721906191617419,0.134088409904395,0.12774624698014653
test2,coverage,1,4.854899269276995,3.344881755444793,True,3.6,3.0,2.4,0.35,0.18079415958700587,Bedroom with bunk bed and desk suggests a modest sized room roughly 3-3.6m per side based on furniture scale and wall spans visible.,0.4444444444444444,0.7737056144690831,0.4558481458797381,0.40606451350610034,1.5006725962604304,0.1896998918779293,0.22237776383773916
test2,coverage,2,4.854899269276995,3.344881755444793,True,3.6,3.0,2.6,0.3,0.18079415958700587,"Bedroom with bunk bed, desk, and closet suggests a small standard bedroom roughly 3x3.6m based on furniture scale and wall proportions.",0.4444444444444444,0.7737056144690831,0.442603868433495,0.40607723779518784,1.2672074353020109,0.13515453799502244,0.16675101001189835
test2,spread_high,0,4.854899269276995,3.344881755444793,True,3.7,3.0,2.5,0.3,0.1704952847336361,"Room appears to be a small bedroom sized for a bunk bed and desk, with mirrored closet doors, typical of a compact apartment bedroom.",0.4444444444444444,0.7737056144690831,0.5112795574032507,0.4060059895787796,1.6028724505065577,0.21924691852401956,0.19047413431985222
test2,spread_high,1,4.854899269276995,3.344881755444793,True,3.6,3.0,2.5,0.3,0.18079415958700587,"Small bedroom inferred from bunk bed, desk with drawer units, and closet, but no full-room view limits precise measurement.",0.4444444444444444,0.7737056144690831,0.5112795574032507,0.405982546728796,1.5079783227172008,0.19656951845863688,0.21084710679156932
test2,spread_high,2,4.854899269276995,3.344881755444793,True,3.4,2.8,2.5,0.3,0.2312883323398576,"Small bedroom sized to fit a twin bunk bed, desk, and window with modest floor space, estimated from typical apartment bedroom proportions.",0.4444444444444444,0.7737056144690831,0.4624328612099209,0.4060178175828302,1.1700485289963443,0.24470877323931634,0.24747894033869963
test2,spread_low,0,4.854899269276995,3.344881755444793,True,3.7,3.0,2.5,0.3,0.1704952847336361,"Small bedroom inferred from bunk bed size and wall/floor proportions, though no full-room view is visible to confirm exact dimensions.",0.4444444444444444,0.7737056144690831,0.5140764463136467,0.4060101538565404,1.6224924078007452,0.04639597640403756,0.23826330725347597
test2,spread_low,1,4.854899269276995,3.344881755444793,True,3.4,2.7,2.5,0.3,0.24623654386291366,"Small bedroom inferred from bunk bed size, closet mirror door, and window placement, though no full-room view is visible to confirm exact dimensions.",0.4444444444444444,0.7737056144690831,0.4957595989133843,0.4060232228304877,1.7637241131598442,0.04243758750546742,0.12830598706546786
test2,spread_low,2,4.854899269276995,3.344881755444793,True,3.7,3.0,2.5,0.3,0.1704952847336361,"Small bedroom inferred from bunk bed size and wall/floor proportions visible across frames, though no wide-angle view confirms exact dimensions.",0.4444444444444444,0.7737056144690831,0.5140764463136467,0.40600941163843235,1.5610992287851106,0.04615621089691012,0.23923042305437067
test2,clustered_high,0,4.854899269276995,3.344881755444793,True,4.0,3.2,2.6,0.3,0.10970223712741463,"Room contains a bunk bed, closet with mirrored doors, desk with drawers, and electrical panel, suggesting a standard bedroom roughly 3.2m x 4m based on furniture scale and visible wall spans.",0.3888888888888889,0.7253490135647654,1.5132436774339215,0.3656407646918056,0.5468973793842691,0.1839072554882371,0.5666998799786817
test2,clustered_high,1,4.854899269276995,3.344881755444793,True,3.6,3.0,2.6,0.3,0.18079415958700587,"Small bedroom inferred from bunk bed size and window proportions, typical apartment bedroom dimensions.",0.3611111111111111,0.6769924126604477,2.039391187419926,0.34185169059495113,0.5079685222449286,0.22613505675608314,0.7204278632453343
test2,clustered_high,2,4.854899269276995,3.344881755444793,True,4.0,3.2,2.6,0.3,0.10970223712741463,"Room contains a bunk bed, mirrored closet, and desk with space to move around, suggesting a standard bedroom roughly 3.2m by 4m with typical ceiling height.",0.4166666666666667,0.7495273140169244,1.2212081999738276,0.3808113264112874,0.5405624290625111,0.17979827907036164,0.5722839710073245
test2,clustered_low,0,4.854899269276995,3.344881755444793,True,3.4,2.7,2.4,0.35,0.24623654386291366,"Small bedroom inferred from bunk bed size, closet, and wall spacing visible across frames, with typical residential ceiling height.",0.3611111111111111,0.7011707131126066,2.239342777053732,0.35279022249921504,0.5626102163928354,0.05134694734231456,0.5700573904196439
test2,clustered_low,1,4.854899269276995,3.344881755444793,True,3.4,2.7,2.4,0.3,0.24623654386291366,"A small bedroom inferred from bunk bed and dresser scale relative to walls, with typical apartment ceiling height, though exact bounds are hard to gauge from panning shots.",0.4166666666666667,0.7495273140169243,2.4433481727998867,0.3560857760595401,0.6147539284666337,0.045523153663392185,0.591342383407636
test2,clustered_low,2,4.854899269276995,3.344881755444793,True,3.5,2.7,2.4,0.3,0.2359376690095439,"Small bedroom with bunk bed and desk, windows and closet suggest a compact space roughly 3.5x2.7m based on furniture scale.",0.3888888888888889,0.7253490135647654,2.239342777053732,0.35194115062346254,0.5802112973985002,0.0537025043430118,0.5545425033966829
